,Category,Name,Rating,Number of reviews,5 stars,4 stars,3 stars,2 stars,1 star
0,Distributeur de boissons,Le Fourgon,"5,0",5305,97,3,<1,<1,<1
1,Caviste,Comptoir des Vignes,NA,NA,92,8,<1,<1,<1
2,Service e-commerce,Nutri Naturel,"4,9",2509,89,9,<1,<1,<1
3,Fabricant de produits alimentaires,Maison Martin - Le Piment Français,"4,9",1262,95,4,<1,0,<1
4,Magasin de thé,Lu Shan - Art du Thé,"4,9",1216,91,6,2,<1,<1
5,Boutique de café,Belleville Brulerie - Paris,"4,9",1172,94,4,1,<1,1
6,Producteur de produits alimentaires,Spiruline des îles d'or,"4,9",853,95,4,<1,<1,<1
7,Service de commande de repas en ligne,Entrepôt Italien,"4,9",752,91,8,<1,<1,<1
8,Caviste,Au-droit-de-bouchon,"4,9",384,91,8,1,0,<1
9,Caviste,VignArtea,"4,9",329,93,6,<1,0,<1
10,Épicerie fine,MONPLANCBD,"4,9",304,96,3,<1,<1,0
11,Entreprise de cosmétique,Olala! French Cosmetics,"4,9",250,93,7,0,0,0
12,Magasin de produits gourmets,Nordic Temptations,"4,9",185,93,5,2,0,0
13,Torréfacteurs,Hayuco Coffee Boutique,"4,9",174,97,1,<1,1,0
14,Magasin de cannabis,Kanamaste CBD,"4,9",150,97,3,0,0,0
15,Pâtisserie,Pâtisserie Peigné,"4,9",140,93,4,2,0,<1
16,Magasin de vins et spiritueux,La Maison Du Clairin,"4,9",116,97,<1,<1,<1,0
17,Distillerie,Distillerie de Rozelieures,"4,9",109,96,4,0,0,0
18,Épicerie,Vanille Naha Sava,"4,9",107,97,2,0,<1,0
19,Magasin de cigarettes électroniques,Oliquide,"4,8",13162,93,5,<1,<1,1
20,Magasin de vins et spiritueux,Rhum Attitude,"4,8",6980,88,9,2,<1,<1
21,Boutique de café,Vert Tiges,"4,8",5605,88,10,1,<1,<1
22,Boutique de figurines,Shin Sekai,"4,8",2395,90,7,1,<1,<1
23,Magasin de vélos,VeloBoutiquePro,"4,8",1922,80,14,3,1,2
24,Boutique de café,Café en grain,"4,8",1856,86,10,2,<1,1
25,Magasin de cigarettes électroniques,VDLV boutique,"4,8",1509,90,7,<1,<1,1
26,Épicerie,Willy anti-gaspi,"4,8",1367,90,8,<1,<1,<1
27,"Aliments, boissons & tabac",Boutique Cannes-fayet,"4,8",1275,89,7,2,1,1
28,Épicerie,Mes Voisins Producteurs,"4,8",1051,84,11,4,1,<1
29,Service de commande de repas en ligne,Les Chocolats du coeur,"4,8",1017,85,13,1,<1,<1
30,Magasin de vins et spiritueux,MonWhisky.fr,"4,8",1009,89,8,2,<1,<1
31,Magasin de vins et spiritueux,Tout Autour du Vin,"4,8",656,81,12,3,<1,3
32,Fabricant de produits alimentaires,comptoirdesflandres.com,"4,8",337,87,9,2,<1,1
33,Fournisseur de machine à café,Expresseau,"4,8",311,85,12,1,2,<1
34,Herboristerie,Greendogs Cbd,"4,8",294,95,3,<1,0,1
35,Cave à vins,Abacchus,"4,8",259,90,8,<1,<1,1
36,Magasin d'épices,Dock des Epices,"4,8",249,90,7,<1,1,1
37,Marché alimentaire,acemartmall.com,"4,8",218,88,7,2,2,<1
38,Boutique de figurines,Manganim,"4,8",218,97,2,<1,<1,<1
39,Magasin de cannabis,Strongcbd,"4,8",216,95,4,0,<1,0
40,Épicerie asiatique,Asie Gourmande,"4,8",202,89,8,2,<1,<1
41,Fabricant de produits alimentaires,VousAvezUnMessage,"4,8",196,90,5,3,<1,1
42,Caviste,1envie1vin,"4,8",195,93,5,1,0,1
43,Magasin d'alimentation naturelle,Luxemorilles & La Passion des Vins,"4,8",182,87,7,3,<1,2
44,Fabricant de produits alimentaires,Le petit zeste,"4,8",168,94,4,2,0,0
45,Caviste,Caves Bossetti,"4,8",130,94,4,<1,0,1
46,Épicerie fine,Quinta Portuguesa,"4,8",109,96,4,0,0,0
47,Magasin bio,GESTEBIO,"4,8",105,93,6,<1,0,0
48,Magasin de cannabis,CBDream,"4,8",94,95,2,0,1,2
49,Vignoble,Domaine GUETH - Vins d'Alsace et Oenotourisme,"4,8",94,97,3,0,0,0
50,Distributeur de café,SARL SAVILEM,"4,8",93,89,9,1,1,0
51,Magasin d'épices,Le Poivre de Kampot par .pepper..field®,"4,8",84,94,4,1,0,1
52,Cave à vins,Cave Pur Jus,"4,8",75,97,3,0,0,0
53,Boutique de santé et beauté,SUPRHEMP©,"4,8",64,97,3,0,0,0
54,Cave à vins,Cavejuste,"4,8",59,95,5,0,0,0
55,Marché alimentaire,Chez Marceline,"4,8",55,95,5,0,0,0
56,Caviste,Ventealapropriete.com,"4,7",33385,72,23,3,<1,<1
57,"Aliments, boissons & tabac",Smoking.fr,"4,7",19168,86,9,2,1,2
58,Magasin de cigarettes électroniques,Ecigplanete,"4,7",8701,86,8,2,1,3
59,Pharmacie,Pharmacie des Drakkars,"4,7",7184,83,9,3,1,4
60,Magasin de cigarettes électroniques,Vapoter,"4,7",4890,81,11,3,1,4
61,Caviste,Site de Vente Directe des Vignerons Indépendants,"4,7",2443,81,13,3,1,2
62,Boutique de figurines,Chibi Akihabara,"4,7",2406,88,7,2,1,2
63,Fabricant de produits alimentaires,Shanty Biscuits,"4,7",1902,84,10,3,2,1
64,Service de fitness et nutrition,Cheef,"4,7",1814,73,21,2,2,2
65,Magasin d'alimentation bio,Fermedubio,"4,7",1676,84,10,3,<1,2
66,Magasin de café,Chacun Son Café,"4,7",1583,73,19,5,1,2
67,Marché aux poissons et fruits de mer,Pêché Maison,"4,7",1543,87,10,2,<1,1
68,Magasin bio,Crazy Cbd,"4,7",1215,84,10,2,1,3
69,Herboristerie,Florfactory,"4,7",1122,86,9,2,<1,2
70,Caviste,Jean-merlaut.com,"4,7",697,75,20,3,1,<1
71,Marchand de thé,Pakayamba,"4,7",678,83,10,2,2,3
72,Magasin de cannabis,lignevertecbd.com,"4,7",657,84,10,3,<1,2
73,Caviste,Les Grappes,"4,7",621,81,12,4,<1,2
74,Épicerie asiatique,Thanh Binh Jeune,"4,7",619,81,14,3,1,1
75,Magasin de cigarettes électroniques,E-LIQUIDE-FR,"4,7",555,86,5,1,1,7
76,Caviste,Champagne Terroir,"4,7",410,86,10,1,2,<1
77,Épicerie fine,la maison du miel,"4,7",340,90,6,2,1,1
78,Magasin de vins et spiritueux,La Couleur Du Vin,"4,7",229,84,13,<1,<1,<1
79,Magasin de cannabis,Fleurdecbd,"4,7",216,87,7,3,2,<1
80,Magasin de pâtisseries,Jeannette 1850,"4,7",208,85,11,1,1,2
81,Boutique de boissons non alcoolisées,Rez,"4,7",184,89,5,2,1,3
82,Microbrasserie,Microbrasseur,"4,7",180,84,10,3,1,2
83,Charcuterie,Directos.eu,"4,7",173,80,13,3,1,3
84,Épicerie,Candy Dukes,"4,7",169,87,6,2,1,4
85,Magasin de cannabis,Ogreenlab,"4,7",149,84,11,4,0,1
86,Fournisseur d'engrais,bio-technology.fr,"4,7",139,84,11,2,0,3
87,Épicerie,slowinfusion.fr,"4,7",133,88,7,2,2,<1
88,Artisanat,Forvm,"4,7",126,82,10,6,2,0
89,Magasin de cigarettes électroniques,Naturovape,"4,7",109,96,2,2,0,0
90,Confiserie,Candyshoplife,"4,7",109,94,3,<1,0,2
91,Production agricole,Canebiera,"4,7",106,84,12,4,0,0
92,Magasin de cannabis,Wikiweed,"4,7",84,88,7,0,0,5
93,Magasin de cannabis,Botanik Store,"4,7",77,86,13,0,0,1
94,Boutique de figurines,Sugoi Shop,"4,7",76,97,3,0,0,0
95,Service de traiteur,Ensuite,"4,7",72,86,10,3,1,0
96,Fabricant de produits alimentaires,Madamegreen,"4,7",66,92,5,3,0,0
97,Pharmacie,Hyperpharmacie du 8 mai à Marignane,"4,7",65,84,9,5,0,2
98,Magasin de vins et spiritueux,FANCY CELLAR,"4,7",58,92,3,3,0,2
99,Miellerie,Miel Lacourcelle,"4,7",56,91,7,2,0,0
100,Magasin de vins et spiritueux,Boutique Maison Jean Loron,"4,7",54,89,9,2,0,0
101,Magasin de vins et spiritueux,Lesboxdecotevignes,"4,7",45,98,0,2,0,0
102,Fournisseur de tabac,ParallelShop,"4,7",45,94,4,2,0,0
103,Magasin de cigarettes électroniques,Barbavape,"4,7",42,93,5,0,0,2
104,Fabricant de cidre,Fils De Pomme,"4,7",41,93,2,0,2,3
105,Magasin de cannabis,Green paradise boutique cbd en ligne,"4,7",40,100,0,0,0,0
106,Cave à vins,Whynat,"4,7",38,97,3,0,0,0
107,Grossiste en boissons alcoolisées,Click'n Schluck,"4,7",35,94,6,0,0,0
108,Entreprise de traitement de l'eau,Eauriginelle,"4,7",34,97,3,0,0,0
109,Fabricant de produits alimentaires,Mon Petit Sablé,"4,7",30,100,0,0,0,0
110,Miellerie,Miel Booster / black horse / etumax / bio herbs,"4,7",28,100,0,0,0,0
111,Magasin bio,Greenweez.com,"4,6",97153,69,16,7,3,5
112,Fournisseur de matériel agricole,Hydrodis,"4,6",2122,78,13,4,2,3
113,Magasin de vins et spiritueux,CAMUS COGNAC,"4,6",560,89,4,2,1,4
114,Magasin bio,Ookies,"4,6",453,80,14,4,1,<1
115,Magasin de cannabis,Weedzy CBD,"4,6",372,80,12,3,1,4
116,Boutique de café,Malindo,"4,6",304,86,11,1,<1,2
117,Fournisseur de produits alimentaires,Omrane,"4,6",282,84,10,2,1,3
118,Magasin de vitamines et compléments alimentaires,Nature et Partage,"4,6",218,81,10,4,2,3
119,Fournisseur de bières,rb and beer,"4,6",195,89,7,<1,<1,4
120,Torréfacteurs,Cafés Bibal,NA,NA,77,13,5,1,4
121,Entreprise de transformation alimentaire,Biscuiterie Isidore Penven,"4,6",184,86,7,3,1,3
122,Caviste,La Vinothèque du Léman,"4,6",146,87,7,<1,<1,4
123,Épicerie fine,Tea Heritage,"4,6",143,84,6,5,3,2
124,Producteur d'eau minérale,Velleminfroy,"4,6",141,88,7,3,1,1
125,Artisan chocolatier,Carre Suisse,"4,6",110,91,4,<1,0,4
126,Torréfacteurs,Shoukâ,"4,6",98,88,5,4,1,2
127,Vignoble,Château de La Rivière,"4,6",68,83,9,4,0,4
128,Magasin de cannabis,WeenCBD,"4,6",59,88,7,3,0,2
129,Magasin d'alimentation bio,Bretalg,"4,6",55,85,13,2,0,0
130,Fabricant de produits alimentaires,BIOHÊME,"4,6",45,89,4,0,2,5
131,Boutique de boissons non alcoolisées,jane-store.com,"4,6",44,91,2,5,2,0
132,Fournisseur d'engrais,La Belle Bouse,"4,6",38,86,5,3,3,3
133,Traiteur,Atelier d'Angresse - Fumoir Artisanal,"4,6",37,81,19,0,0,0
134,Fournisseur de produits alimentaires,Les Oliveraies,"4,6",34,91,6,3,0,0
135,Magasin de vitamines et compléments alimentaires,Cbd Certified,"4,6",32,84,16,0,0,0
136,Épicerie fine,Originalmate,"4,6",30,94,3,0,0,3
137,Magasin de cannabis,Delight Cbd,"4,6",30,100,0,0,0,0
138,Torréfacteurs,Brûlerie des Graves,"4,6",26,100,0,0,0,0
139,Épicerie fine,Drive La Fourmilière,"4,6",25,88,8,4,0,0
140,Magasin d'alimentation bio,Aurore Market,"4,5",10439,74,18,5,1,2
141,Caviste,Chamvermeil,"4,5",3639,65,25,6,2,2
142,Magasin de matériel de décoration de gâteaux,Autourdugateau.fr,"4,5",3302,81,8,3,2,6
143,Magasin d'alimentation bio,amoseeds,"4,5",2129,73,18,4,2,3
144,Vignoble,Vins Côtes de Provence Château de Berne & E-Boutique,"4,5",1271,77,12,4,2,5
145,Caviste,Vintage and Co,"4,5",1144,80,12,4,<1,3
146,Service e-commerce,Sensaterra,"4,5",853,77,11,3,2,7
147,Fabricant de produits alimentaires,Bonne Maman,"4,5",744,77,13,4,1,5
148,Caviste,PlugwinePro,"4,5",563,63,25,6,2,4
149,Boutique de café,L'Arbre à Café,NA,NA,81,10,3,2,4
150,Magasin d'alimentation naturelle,Hexagone Vert,"4,5",342,76,14,4,2,4
151,Épicerie fine,Comptoirs Richard,"4,5",249,73,14,8,2,3
152,Boutique d'accessoires de mode,Les Artistes Paris,"4,5",246,80,8,2,2,8
153,Fabricant de produits alimentaires,Hotdogparty,"4,5",128,78,12,6,2,2
154,Magasin de cannabis,OG Space,"4,5",93,87,8,3,2,0
155,Cave à vins,CHÂTEAU LOUDENNE,"4,5",81,81,12,6,1,0
156,Marché alimentaire,Toc Toc Gourmet,"4,5",61,88,6,2,2,2
157,Production agricole,Mesabeilles,"4,5",59,80,12,3,2,3
158,Service e-commerce,WineSitting,"4,5",40,75,12,0,3,10
159,Magasin de bonbons,Candy Kids,"4,5",38,76,21,0,3,0
160,Magasin de cannabis,Weedoux CBD,"4,5",35,97,3,0,0,0
161,Magasin de vins et spiritueux,La Spiriterie Française - Château du Breuil Normandie,"4,5",32,85,9,3,0,3
162,Herboristerie,La Touche Verte,NA,NA,92,0,0,4,4
163,Fabricant de produits alimentaires,Nutrimuscle,"4,4",20649,80,11,3,2,4
164,Caviste,Lavinia,NA,NA,69,16,6,4,5
165,Magasin de vins et spiritueux,Urban Drinks FR,"4,4",1819,79,10,3,2,6
166,Primeur,Potimarron,"4,4",1203,65,25,6,2,2
167,Magasin de narguilés,StreetShop France,NA,NA,76,12,3,3,6
168,Supermarché,Allmyketo.com,"4,4",962,69,18,5,3,5
169,Boutique de café,CAPS ME,"4,4",825,70,18,5,3,4
170,Livraison de repas à domicile,Qilibri,"4,4",787,69,20,6,1,4
171,Fabricant de thé,"Le Beau Thé, le sachet de thé personnalisé","4,4",448,81,9,2,3,5
172,Producteur de produits alimentaires,Karine & Jeff,"4,4",419,77,10,5,3,5
173,Élevage de fruits de mer,L'Huîtrerie,"4,4",276,75,14,3,5,3
174,Marché alimentaire,Fruggies (ex. Gaya),"4,4",237,69,20,5,3,3
175,Magasin de cannabis,Yogah,"4,4",206,79,9,3,3,6
176,Service de commande de repas en ligne,Rutabago - Box à cuisiner 100% BIO,"4,4",205,70,21,5,2,2
177,Caviste,VIGNAPART,"4,4",160,83,9,2,3,3
178,Magasin de cannabis,Kanaleg Premium CBD Store,"4,4",139,78,9,5,2,6
179,Caviste,Trois Fois Vin,"4,4",113,73,11,<1,3,12
180,Magasin de vins et spiritueux,Arthur Metz,"4,4",104,78,10,3,2,7
181,Café,Misterbean,"4,4",80,81,5,4,5,5
182,Conserverie,Bocaux de Chef,"4,4",56,82,11,3,2,2
183,Agriculteur,CBDevor,"4,3",1511,68,13,6,3,10
184,Fournisseur de produits alimentaires,Bene Bono,"4,3",435,61,24,7,3,5
185,Magasin de vaporiseurs,RELX France,"4,3",173,72,15,4,3,6
186,Cave à vins,Sommellerie de France,"4,3",100,77,11,6,2,4
187,Magasin de cigarettes électroniques,VAPEVO,"4,3",85,81,4,2,1,12
188,Cave à vins,Le Baroudeur du Vin,"4,3",75,74,7,9,5,5
189,Boutique de produits diététiques,MinciDélice España,"4,3",40,65,20,10,0,5
190,Fabricant de verrerie,Krosno France,"4,3",31,94,3,0,0,3
191,Magasin d'alimentation bio,Smartfooding,"4,2",1957,73,14,4,2,7
192,Fournisseur de services agricoles,Farmitoo,"4,2",959,74,7,2,3,14
193,Primeur,Fruits de la Terre,"4,2",294,79,11,3,3,4
194,Marché de produits frais,mon-marché.fr,"4,2",207,65,19,7,2,7
195,Magasin de gâteaux,La Cure Gourmande,"4,2",200,73,9,4,4,10
196,Magasin de cannabis,Cbdul,"4,2",180,71,14,4,2,9
197,Fournisseur de produits alimentaires,Ironmeals,"4,2",104,74,12,5,2,7
198,Magasin de vitamines et compléments alimentaires,Hyperbio,"4,2",56,67,18,2,2,11
199,Conserverie,Vrai & Bon,"4,2",33,70,15,6,6,3
200,Magasins d'appareils de fitness,www.fitnessboutique.fr,"4,1",25726,58,17,8,5,12
201,Service de fitness et nutrition,Protein Works France,"4,1",4338,72,15,5,2,6
202,Magasin de cannabis,Greenowl,NA,NA,69,15,5,4,7
203,Centre de bien-être,Weed Side Story,"4,1",4121,64,17,7,4,8
204,Grossiste en vins,Vinroyal,"4,1",1763,60,18,7,5,10
205,Magasin bio,bocoloco.fr,"4,1",205,71,16,2,4,7
206,Épicerie fine,Instant Chef,"4,1",186,79,7,5,1,8
207,Boutique de cadeaux,publicisdrugstore.com,"4,1",173,68,7,3,3,19
208,Exportateur de produits alimentaires et de boissons,France Export Fv Online,"4,1",122,66,11,7,4,12
209,Fromagerie,La Boite Du Fromager,"4,1",41,56,12,15,7,10
210,Producteur de produits alimentaires,Yoom at Home,"4,1",28,75,3,7,4,11
211,Livraison de repas à domicile,DIETBON.FR,"4,0",8300,42,35,14,5,4
212,Livraison de repas à domicile,KITCHENDIET.FR,"4,0",3311,47,31,13,5,4
213,Boulangerie,Poulaillon,"4,0",96,60,9,13,10,8
214,Boutique de produits diététiques,MinciDélice France,"4,0",77,60,16,6,5,13
215,Magasin,Black Horse / Miel Aphrodisiaque,"4,0",60,69,7,3,3,18
216,Épicerie,Rooties,"4,0",56,78,2,2,2,16
217,Service de commande de repas en ligne,HelloFresh France,"3,9",8068,46,30,11,4,9
218,Magasin de cannabis,Captain CBD,"3,9",169,59,15,6,8,12
219,"Aliments, boissons & tabac",HL Boutique en Ligne,"3,9",116,68,16,3,<1,12
220,Marché alimentaire,French Corner Shop,"3,9",29,62,7,14,7,10
221,Service de traiteur,MaxiCoffee.com,"3,8",5592,64,14,6,4,12
222,"Aliments, boissons & tabac",FrizBiz,"3,8",1185,63,14,5,3,15
223,Entreprise de livraison,PLAISIRS FRUITÉS,"3,8",213,42,27,17,9,5
224,Service de livraison des courses,Le Marché Moderne,"3,8",114,47,19,15,8,11
225,Magasin d'alcool,Ma Cocktail Box,"3,6",89,58,21,8,3,10
226,Fournisseur d'eau en bouteille,Chateaudeau,"3,5",379,56,11,5,5,23
227,Service de traiteur,Club-Café-Gourmet.fr,"3,4",542,67,12,8,4,9
228,Fabricant de produits alimentaires,Healtheen,"3,4",151,47,10,7,9,27
229,Fournisseur de tabac,Sokkar,"3,4",55,73,7,0,0,20
230,Magasin de vins et spiritueux,Les Caves,"3,0",176,37,11,5,3,44
231,Magasin de vaporiseurs,Taklope,"4,9",2499,94,5,<1,<1,<1
232,Torréfacteurs,Lomi,"4,9",323,92,6,<1,1,<1
233,Caviste,Demain les Vins,"4,9",252,91,9,<1,<1,0
234,Caviste,Stephconti vins & spiritueux,"4,9",219,92,7,<1,<1,0
235,"Aliments, boissons & tabac",Coffee Webstore,"4,9",182,91,6,<1,<1,1
236,Producteur de produits alimentaires,Symbiose Kéfir,"4,9",164,99,1,0,0,0
237,Magasin de cannabis,Cbdoo,"4,9",145,95,3,0,<1,<1
238,"Aliments, boissons & tabac",Santé-parodonte,"4,9",67,99,0,0,0,1
239,Caviste,Le Petit Ballon,"4,8",3931,89,8,<1,<1,2
240,Magasin de cigarettes électroniques,Le Petit Vapoteur,"4,8",3850,92,4,<1,<1,2
241,Boulangerie,Cuisineaddict.com,"4,8",1498,87,9,1,<1,2
242,Fabricant de thé,CBD Toulouse,"4,8",665,85,12,1,1,1
243,Boutique de boissons non alcoolisées,Nonna Lab,"4,8",420,97,2,<1,<1,<1
244,Décorateur d'intérieur,KELADECO,"4,8",391,82,15,1,1,<1
245,Fournisseur de boissons gazeuses,Sodastream France,"4,8",313,91,3,2,<1,3
246,Service de livraison des courses,Drive to Home,"4,8",272,91,8,1,0,0
247,Caviste,Midi-Vin,"4,8",254,85,12,2,<1,<1
248,Magasin de cannabis,Okiweed,"4,8",201,96,<1,<1,0,3
249,Entreprise de transformation alimentaire,LAFRENCHI,"4,8",193,93,5,1,<1,<1
250,Caviste,e-winery,"4,8",159,62,26,6,2,4
251,Magasin d'articles orientaux,Zayti,"4,8",106,92,7,<1,0,0
252,Caviste,Le Bon Gustave,"4,8",100,91,6,1,1,1
253,Magasin de cannabis,Lavalleeducbd,"4,8",97,97,2,0,1,0
254,Entreprise de livraison,La Tournée,"4,8",84,97,2,0,0,1
255,Magasin bio,E-choppe alternative,"4,8",76,98,1,0,1,0
256,Magasin de cigarettes électroniques,e-vapopote.fr,"4,8",70,92,7,1,0,0
257,Artisanat,Les Ruches Royales,"4,8",70,96,4,0,0,0
258,Caviste,VIA VINUM,"4,8",48,96,4,0,0,0
259,Magasin de vins et spiritueux,Wepicurien,"4,8",48,98,2,0,0,0
260,Primeur,Mamma gia,"4,8",44,95,5,0,0,0
261,Magasin bio,La Fourche,"4,7",5051,84,11,2,<1,2
262,Caviste,Vin Malin,"4,7",1784,71,18,6,3,2
263,Caviste,TWIL - The wine I love,"4,7",418,84,11,<1,<1,3
264,"Aliments, boissons & tabac",Clos19,"4,7",342,80,3,0,1,16
265,Boutique de café,Palais des Thés,"4,7",299,85,7,2,2,4
266,Caviste,Chateau.com,"4,7",186,81,9,2,3,5
267,Magasin de thé,Very Thés,"4,7",149,91,5,1,0,3
268,Caviste,www.winerepublik.com,"4,7",126,80,15,4,<1,0
269,Cave à vins,Divvino Paris,"4,7",112,94,3,<1,0,2
270,Magasin d'épices,Etal des Epices,"4,7",94,86,10,2,1,1
271,Fournisseur de produits alimentaires,Krupky,"4,7",74,90,8,1,0,1
272,Magasin de vins et spiritueux,Coquetelers,"4,7",73,96,0,3,1,0
273,Fabricant de produits alimentaires,Orisae,"4,7",72,87,11,1,1,0
274,Épicerie,Komi Epices,"4,7",68,91,3,3,1,2
275,"Aliments, boissons & tabac",My French-Grocery - Your Online French Supermarket,"4,7",57,87,9,2,0,2
276,Caviste,Le Chant des Caves,"4,7",56,89,11,0,0,0
277,"Aliments, boissons & tabac",SerenCreation,"4,7",55,96,4,0,0,0
278,Poissonnerie,QWEHLI,"4,7",54,94,2,2,2,0
279,Service e-commerce,Vigneronly,"4,7",54,94,4,2,0,0
280,Service de livraison des courses,K-ba,"4,7",49,100,0,0,0,0
281,Grossiste de produits,Greenleafcbd,"4,7",45,96,4,0,0,0
282,Brasserie,TyKemm,"4,7",43,93,5,2,0,0
283,Caviste,JAVAPUBLISHING - la-cave-cellar,"4,7",42,93,5,0,0,2
284,Magasin de cigarettes électroniques,freevap.ch,"4,7",42,93,7,0,0,0
285,Magasin d'alimentation bio,La Brouette Occitane,"4,7",41,93,7,0,0,0
286,Épicerie fine,Ouliva,"4,7",39,94,3,3,0,0
287,Magasin de cigarettes électroniques,EliquidAndCo,"4,7",39,79,8,3,0,10
288,Herboristerie,Smoky Box,"4,7",39,95,5,0,0,0
289,Magasin de cigarettes électroniques,Like Cigarette,"4,7",36,80,14,0,3,3
290,Épicerie,Terre rouge,"4,7",35,100,0,0,0,0
291,Magasin de cigarettes électroniques,Eliquide-DIY.fr : E-liquide pas cher pour cigarette électronique,"4,7",32,91,3,0,6,0
292,Distributeur de boissons,JOMO - Thés glacés sains et responsables,"4,7",31,94,6,0,0,0
293,Boutique de boissons non alcoolisées,Sobie-Bienfait,"4,7",26,100,0,0,0,0
294,Cave à vins,Les Pépites by Bordeaux Blends,"4,7",24,100,0,0,0,0
295,Magasin de bonbons,My American Market,"4,6",36478,71,19,6,2,2
296,Service de commande de repas en ligne,Gustini - Passione italiana.,"4,6",1377,75,15,4,3,3
297,Magasin de cigarettes électroniques,Le vapoteur discount,"4,6",147,85,3,1,1,10
298,Boulangerie,PneuEncrage.com,"4,6",130,53,11,13,8,15
299,"Aliments, boissons & tabac",Lacavedourthe,"4,6",118,81,14,3,<1,<1
300,Confiserie,Papabubble France,"4,6",116,91,3,3,<1,2
301,Magasin d'électroménager,Cuisine du Bien-etre,"4,6",111,79,14,3,3,<1
302,Boulangerie,MonPainBio.com,"4,6",100,76,16,5,1,2
303,Brasserie,Tribulle,"4,6",64,92,3,1,2,2
304,Magasin de vins et spiritueux,Thewhiskycollectors,"4,6",55,94,4,0,0,2
305,Magasin de cannabis,TealerLab®,"4,6",49,92,4,0,0,4
306,Magasin de cannabis,Hirakana,"4,6",47,81,15,2,2,0
307,Boutique de boissons non alcoolisées,Nighthawks,"4,6",45,80,16,2,2,0
308,Service de livraison des courses,So Mauricette,"4,6",44,91,9,0,0,0
309,Cave à vins,Le Canon Français,"4,6",43,84,16,0,0,0
310,Magasin d'alimentation bio,SPORULINE,"4,6",41,96,2,2,0,0
311,Boucherie-charcuterie,boucherie-beaussier.fr,"4,6",37,86,11,0,3,0
312,Épicerie fine,kwenda,"4,6",37,89,8,0,0,3
313,Magasin de thé,MysteryTea,"4,6",35,86,14,0,0,0
314,Fabricant de thé,La Chanvriere,"4,6",33,94,6,0,0,0
315,Caviste,Pomerol.com,"4,6",32,84,13,0,3,0
316,Magasin de cannabis,Emendil - CBD / HHC,"4,6",31,97,0,0,3,0
317,Exploitation viticole,Domaine Eric GELLY,"4,6",30,87,13,0,0,0
318,Caviste,VIGNERONS champagnes,"4,6",29,90,10,0,0,0
319,Boutique de boissons non alcoolisées,Humble+,"4,6",28,96,4,0,0,0
320,Distributeur de boissons,Lemagicienbio,"4,6",26,96,4,0,0,0
321,Caviste,Bu et Approuvé,"4,6",26,92,8,0,0,0
322,Épicerie,Casa Transilvana,"4,6",25,92,4,4,0,0
323,Magasin de cannabis,Barbes à Fleurs CBD,"4,6",24,92,8,0,0,0
324,Magasin d'alcool,APERO LE MANS,"4,6",23,96,4,0,0,0
325,Exploitation viticole,Domaine Pierre Adam,"4,6",22,100,0,0,0,0
326,Fabrication d'aliments,Maempi,"4,6",22,100,0,0,0,0
327,Magasin bio,Vgreen,"4,6",22,86,14,0,0,0
328,Magasin d'alcool,The Cocktailist,"4,6",22,95,5,0,0,0
329,Livraison de repas à domicile,Fast And Curious,"4,6",21,100,0,0,0,0
330,Boutique de produits diététiques,Sweethly,"4,6",21,100,0,0,0,0
331,Magasin de cannabis,Walter Green,"4,6",21,100,0,0,0,0
332,Magasin de thé,Santé Nature Solution,"4,6",21,95,5,0,0,0
333,Producteur de produits alimentaires,ÏOD Traiteur de la Mer,"4,6",20,95,5,0,0,0
334,Miellerie,Ben et Syl,"4,6",20,100,0,0,0,0
335,Cave à vins,Lovelybubbly,"4,6",20,100,0,0,0,0
336,Grossiste,Hellodrinks,"4,6",20,95,5,0,0,0
337,Confiserie,Lasucette.com,"4,6",18,100,0,0,0,0
338,Magasin de produits gourmets,BleuBlancBox,"4,6",18,100,0,0,0,0
339,Magasin de cigarettes électroniques,Daze,"4,6",18,100,0,0,0,0
340,Service de traiteur,Dreatakeaway,"4,6",17,100,0,0,0,0
341,Caviste,Vinatis,"4,5",11853,82,9,2,1,6
342,"Aliments, boissons & tabac",vinatis.it,"4,5",989,74,14,3,3,6
343,Caviste,Oé,"4,5",627,91,5,2,<1,<1
344,Marché alimentaire,Cuvée Privée,"4,5",307,75,15,4,3,3
345,Magasin de cigarettes électroniques,Mon-liquide.fr N°1 Cigarette électronique & E-liquides,"4,5",290,81,12,2,<1,4
346,Service de commande de repas en ligne,GoCater,"4,5",284,68,22,5,3,2
347,Boutique de café,Terramoka,"4,5",172,64,20,9,2,5
348,Caviste,Chateau.com,"4,5",162,83,7,2,2,6
349,Magasin bio,Belvibio,"4,5",148,73,17,3,2,5
350,Marchand de thé,Truth & Right CBD,"4,5",117,78,14,2,2,4
351,"Aliments, boissons & tabac",Pistache & Cacahuète,"4,5",106,92,4,<1,0,3
352,Caviste,Calyce Cidre,"4,5",106,81,10,<1,5,3
353,Fabricant de produits alimentaires,Easy Sushi®,"4,5",89,79,14,2,2,3
354,Magasin de cannabis,FULLMOON EI Gasolina.fr,"4,5",59,91,7,0,0,2
355,Magasin de matériel de cuisine,KIDICAKES,"4,5",50,78,12,6,2,2
356,Entreprise de transformation alimentaire,Apisphére,"4,5",49,74,18,4,4,0
357,Magasin de cannabis,CBD Academy,"4,5",41,81,15,2,2,0
358,Service de fitness et nutrition,Moringa&Co,"4,5",36,86,8,3,0,3
359,Caviste,Mespetitsvignerons,"4,5",33,91,3,3,3,0
360,Magasin de produits de beauté,Lamaisonjahazi,"4,5",30,74,23,3,0,0
361,Magasin de cannabis,Labeuhtique,"4,5",30,91,3,0,3,3
362,Service e-commerce,MY FARM BASE,"4,5",28,85,7,4,0,4
363,Magasin de thé,Ma Tassedethe,"4,5",27,85,7,8,0,0
364,Fabricant d'assaisonnements alimentaires,Artisansdusel,"4,5",26,92,4,0,0,4
365,Service e-commerce,ÔCabas,"4,5",25,92,4,0,0,4
366,"Aliments, boissons & tabac",FrenchKiff,"4,5",25,92,4,0,0,4
367,Magasin de vins et spiritueux,Lacaveconfidentielle,"4,5",24,96,4,0,0,0
368,Magasin de cannabis,French Swiss Hemp,"4,5",21,100,0,0,0,0
369,Magasin de vins et spiritueux,We Love Bubbles,"4,5",21,95,0,0,0,5
370,Société d'import-export,Comores En Ligne,"4,5",20,90,10,0,0,0
371,Cave à vins,Valley Bio,"4,5",19,100,0,0,0,0
372,Service de commande de repas en ligne,Fredbox,"4,5",18,83,11,6,0,0
373,Épicerie fine,Lidealist,"4,5",18,100,0,0,0,0
374,Boutique de santé et beauté,Agence CBD,"4,5",18,89,11,0,0,0
375,Magasin bio,Les petits pois,"4,5",17,100,0,0,0,0
376,Livraison de repas à domicile,S'il vous plaît,"4,5",17,100,0,0,0,0
377,Épicerie fine,Sartha,"4,5",17,100,0,0,0,0
378,Magasin de vaporiseurs,Revoluvape,"4,5",16,100,0,0,0,0
379,"Aliments, boissons & tabac",SEINE VALLEE,"4,5",15,100,0,0,0,0
380,"Aliments, boissons & tabac",SEINE VALLEE,"4,5",15,100,0,0,0,0
381,Cave à vins,Le Vin côté Femmes,"4,5",15,100,0,0,0,0
382,Épicerie japonaise,Minami Shop,"4,5",15,100,0,0,0,0
383,Magasin de cannabis,BORALIA - CBD & BIEN-ÊTRE,"4,5",14,100,0,0,0,0
384,Épicerie,Tomato & Co,"4,5",14,93,7,0,0,0
385,Magasin de matériel de cuisine,Pampered Chef France,"4,5",14,100,0,0,0,0
386,Fleuriste,Bunny Cbd,"4,5",14,100,0,0,0,0
387,Magasin de cigarettes électroniques,Inspire Vapestore,"4,5",14,79,14,0,0,7
388,Fournisseur d'excursions culturelles,Paris Wine Day Tours,"4,5",13,100,0,0,0,0
389,Épicerie japonaise,Le Marché Japonais,"4,5",13,92,8,0,0,0
390,Artisan chocolatier,Laurmar Nougats,"4,5",13,100,0,0,0,0
391,Boucherie-charcuterie,Coopcorico,"4,4",4486,71,18,6,3,2
392,"Aliments, boissons & tabac",VinatisDE,"4,4",1807,74,10,5,4,7
393,Magasin bio,Paniergaia,"4,4",568,71,18,5,3,3
394,Plateforme de collaboration en ligne,Cavacave,"4,4",135,73,13,2,3,9
395,Caviste,Heritage Whisky,"4,4",133,78,12,0,2,8
396,Boutique de café,Finecoffeeclub,"4,4",126,41,30,14,8,7
397,Magasin de cigarettes électroniques,Cigaretteelec,"4,4",125,82,3,2,2,11
398,Pâtisserie,Foucade!,"4,4",45,80,9,4,5,2
399,Fabricant d'huile d'olive,L Huile.fr,"4,4",38,84,5,3,3,5
400,Magasin de cannabis,Green Distrikt,"4,4",34,94,3,0,0,3
401,Primeur,MPrimLivraison,"4,4",27,74,22,0,4,0
402,Magasin de cannabis,Hempfire,"4,4",27,88,4,4,0,4
403,Fournisseur de paniers-repas,Tolya,"4,4",25,88,8,0,4,0
404,Magasin de cigarettes électroniques,Taffe-elec,"4,4",24,75,8,4,0,13
405,Magasin de vins et spiritueux,La Boite à Canons,"4,4",22,86,9,0,0,5
406,Boutique de produits diététiques,MinciDélice Italia,"4,4",22,77,14,9,0,0
407,"Aliments, boissons & tabac",ddwine.fr,"4,4",21,81,14,5,0,0
408,Magasin de fruits secs,Fruits Secs du Web,"4,4",21,57,5,0,5,33
409,Programme de bien-être,Sainpleat,"4,4",19,74,26,0,0,0
410,Torréfacteurs,CAFEOGRAPHE,"4,4",16,94,6,0,0,0
411,Marché alimentaire,Drivedescampagnes,"4,4",15,86,7,7,0,0
412,Magasin de cannabis,ACBD SHOP,"4,4",15,86,7,7,0,0
413,Magasin de cigarettes électroniques,vapo-shop.fr,"4,4",15,87,13,0,0,0
414,Magasin bio,Cbiendose,"4,4",14,86,14,0,0,0
415,Caviste,La Dame Bleue vins bio,"4,4",13,85,15,0,0,0
416,Épicerie fine,Organic Gourmet,"4,4",13,100,0,0,0,0
417,Fabricant de produits alimentaires,Updatefoods,"4,4",12,92,8,0,0,0
418,Caviste,jecreemacave.com,"4,4",12,100,0,0,0,0
419,Packaging d'aliments de base,Svpernova,"4,4",12,100,0,0,0,0
420,Service de traiteur,L’âme culinaire,"4,4",12,92,8,0,0,0
421,Producteur d'eau minérale,Eau Alvina,"4,4",12,92,8,0,0,0
422,Magasin de cookies,Sundayroutine,"4,4",12,92,8,0,0,0
423,Livraison de repas à domicile,Bien Bon et Beau,"4,4",11,100,0,0,0,0
424,Magasin de cannabis,Mybud Shop,"4,4",11,100,0,0,0,0
425,Magasin d'alimentation animale,Ô Babines,"4,4",10,100,0,0,0,0
426,Magasin d'alcool,Private Whisky Society,"4,4",10,100,0,0,0,0
427,Magasin de cigarettes électroniques,au-vapoteur.com,"4,4",10,100,0,0,0,0
428,Exploitation viticole,Champagne Philippe DECHELLE,"4,4",10,90,10,0,0,0
429,Magasin d'électroménager,Abribat,"4,3",717,70,15,4,3,8
430,"Aliments, boissons & tabac",Le Site de Vente du Guide Hachette des Vins,"4,3",155,60,27,5,5,3
431,Magasin de vaporiseurs,Nicovip,"4,3",142,74,6,1,2,17
432,Service de commande de repas en ligne,Le Comptoir,"4,3",118,77,8,6,3,6
433,Poissonnerie,poiscaille.fr,"4,3",106,84,4,<1,<1,10
434,Service de livraison des courses,JOW,"4,3",94,65,20,1,2,12
435,"Aliments, boissons & tabac",Flexforte,"4,3",65,25,18,15,14,28
436,Régie publicitaire,Allocakes,"4,3",63,73,11,5,3,8
437,Caviste,vandb.fr,"4,3",30,84,10,3,0,3
438,Livraison de repas à domicile,Fly Me to the Food,"4,3",26,88,0,8,0,4
439,Épicerie,The Dopestore,"4,3",25,80,12,4,4,0
440,Agriculteur,HEMPLR CBD,"4,3",24,80,8,0,4,8
441,Épicerie fine,Saveursdesterroirs.net,"4,3",24,67,25,8,0,0
442,Magasin de cannabis,La Verte Shop,"4,3",24,84,8,8,0,0
443,Cave à vins,Cave des Vignerons de Tavel & Lirac,"4,3",23,83,4,4,4,5
444,Boutique de santé et beauté,Monchanvre.fr : la marketplace du chanvre français,"4,3",23,83,9,4,0,4
445,Marché de produits frais,La Consignerie,"4,3",22,82,14,0,0,4
446,Service de livraison des courses,SiFrais.fr,"4,3",22,91,4,0,0,5
447,Magasin de vins et spiritueux,World Grands Crus,"4,3",18,89,5,0,6,0
448,Épicerie,mon épicerie low carb,"4,3",17,94,0,0,0,6
449,Magasin de thé,Mygoodtea,"4,3",17,94,0,0,0,6
450,Boutique de boissons non alcoolisées,Ragnarök Energy Drink,"4,3",16,69,31,0,0,0
451,Programme de bien-être,ELODIE BEAUCENT,"4,3",15,66,27,0,7,0
452,Entreprise de cosmétique,Joli Thym,"4,3",14,93,0,0,0,7
453,Caviste,Prestigemillesimes,"4,3",14,72,14,0,7,7
454,Boutique de produits de nutrition sportive,l'hexagone,"4,3",14,93,0,7,0,0
455,Caviste,Auvermalt,"4,3",14,86,7,7,0,0
456,Magasin de cigarettes électroniques,SAS e-liquidz,"4,3",14,72,14,0,0,14
457,"Aliments, boissons & tabac",Abeillestore,"4,3",12,84,8,8,0,0
458,Magasin de cigarettes électroniques,Libertyclop,"4,3",12,83,17,0,0,0
459,Magasin de narguilés,Révolution Chicha,"4,3",12,83,17,0,0,0
460,Magasin de poteries,Shôbi,"4,3",12,92,0,8,0,0
461,Boutique de santé et beauté,2012labo,"4,3",11,91,9,0,0,0
462,Caviste,champfrance.fr,"4,3",11,100,0,0,0,0
463,Caviste,Levindecheznous,"4,3",10,100,0,0,0,0
464,Agriculteur,Cap Spiruline,"4,3",10,90,10,0,0,0
465,Magasin de cigarettes électroniques,Vapote Market,"4,3",10,90,10,0,0,0
466,Magasin d'épices,MesEpices.com,"4,3",10,90,0,10,0,0
467,Magasin bio,"Active CBD, Le meilleur du cannabis légal","4,3",10,90,10,0,0,0
468,Caviste,Pure taste France,"4,3",10,100,0,0,0,0
469,Magasin de cannabis,CBD ROOM,"4,3",9,100,0,0,0,0
470,Magasin de vins et spiritueux,Wyno,"4,3",9,100,0,0,0,0
471,Magasin de cannabis,WeedyWood,"4,3",9,100,0,0,0,0
472,Magasin de cannabis,Greenhouse Shop,"4,3",9,100,0,0,0,0
473,Salon de thé,Le Rose Thé,"4,3",9,100,0,0,0,0
474,Magasin de design et de décor intérieur,Mur Exotique,"4,3",9,100,0,0,0,0
475,Zone industrielle,EXAPRO - Second hand industrial machines,"4,3",9,100,0,0,0,0
476,Magasin d'ameublement et de décoration,Bella Home - Homeware,"4,3",9,100,0,0,0,0
477,Service de commande de repas en ligne,Natural'sace,"4,3",9,100,0,0,0,0
478,Supermarché,Alsastore,"4,3",9,89,11,0,0,0
479,Primeur,Gosselin Primeurs - Livraison fruits & légumes Paris,"4,3",9,100,0,0,0,0
480,Magasin de cannabis,Aromextrem,"4,3",9,100,0,0,0,0
481,Magasin de cannabis,Destock CBD,"4,3",9,89,11,0,0,0
482,Service de traiteur,Chef Dégustation - Chef à domicile,"4,3",9,89,11,0,0,0
483,Boutique d'herbes médicinales,Kild,"4,3",8,100,0,0,0,0
484,Caviste,Labotella,"4,3",8,100,0,0,0,0
485,Magasin de cannabis,Magic Cbd,"4,3",8,100,0,0,0,0
486,Caviste,Vinchezmoi,"4,3",8,87,13,0,0,0
487,Producteur de produits alimentaires,La Plantation,"4,3",8,100,0,0,0,0
488,Fabricant d'alcool,Soleia Nice,"4,3",8,100,0,0,0,0
489,Magasin d'alimentation naturelle,Ladatchadekatia,"4,3",8,100,0,0,0,0
490,Service de traiteur,Chef coste - Chef privé à domicile,"4,3",8,100,0,0,0,0
491,Cave à vins,Des Racines au Verre,"4,3",8,100,0,0,0,0
492,Cours de cuisine,Spadella,"4,3",8,100,0,0,0,0
493,Marchand de thé,L'Esprit de Lia,"4,3",8,100,0,0,0,0
494,Boutique d'accessoires de mode,Hédison,"4,3",8,100,0,0,0,0
495,Boutique de boissons non alcoolisées,Dizane - Tisane à diluer,"4,3",8,100,0,0,0,0
496,Torréfacteurs,Grain D'Infusion,"4,3",8,100,0,0,0,0
497,Traiteur,Herve Hayraud,"4,3",7,100,0,0,0,0
498,Épicerie fine,Tsaravintagna,"4,3",7,100,0,0,0,0
499,"Aliments, boissons & tabac",Le Terroir de Georges,"4,3",7,100,0,0,0,0
500,Magasin de cannabis,CBD La Marie Juana - Livraison Express CBD Paris,"4,3",7,100,0,0,0,0
501,Caviste,Les vinotonautes,"4,3",7,100,0,0,0,0
502,"Aliments, boissons & tabac",BRAZILINI,"4,3",7,100,0,0,0,0
503,Magasin bio,Nouvojour,"4,3",7,100,0,0,0,0
504,Service de livraison,Yper,"4,2",435,75,6,2,1,16
505,Fabrication d'aliments,Foodspring,"4,2",221,81,6,2,1,10
506,Caviste,Millesima,"4,2",209,59,26,7,3,5
507,"Aliments, boissons & tabac",Weedy,"4,2",105,50,15,5,7,23
508,"Aliments, boissons & tabac",hlfboutique.com,"4,2",102,67,17,6,6,4
509,Caviste,mycaviste,"4,2",89,72,11,8,4,5
510,Caviste,Chineur du Vin,"4,2",61,49,35,13,3,0
511,Ferme d'élevage,Micronutris,"4,2",46,63,18,13,2,4
512,Fournisseur de produits laitiers,Panierdesalpes,"4,2",33,73,12,0,0,15
513,Boutique de produits diététiques,Kriss-Laure Europe,"4,2",32,72,13,6,0,9
514,Coopérative agricole,Cannacie,"4,2",31,84,6,7,0,3
515,Brasserie de saké,Wakaze Sake,"4,2",31,78,3,6,3,10
516,Magasin d'articles de barbecue,Barbecue M.FOG,"4,2",20,70,20,5,5,0
517,Caviste,Vins et Champagne,"4,2",20,65,20,0,0,15
518,Magasin de cannabis,Cône.,"4,2",20,90,0,0,0,10
519,Grossiste en vins,Le Petit Baroudeur,"4,2",19,74,10,11,5,0
520,Magasin de cigarettes électroniques,Airnsmart,"4,2",18,89,5,6,0,0
521,Caviste,LesVignoblesEdonis,"4,2",17,82,12,0,0,6
522,"Aliments, boissons & tabac",Gourmet Spiruline,"4,2",16,62,19,19,0,0
523,Magasin de cigarettes électroniques,Smok Eure - Spécialiste de la vape !,"4,2",16,94,0,6,0,0
524,Magasin de cannabis,Canabia,"4,2",16,94,0,0,0,6
525,Livraison de repas à domicile,Superchef,"4,2",15,93,0,0,0,7
526,Magasin d'alimentation bio,Tesãi,"4,2",14,79,14,0,0,7
527,"Aliments, boissons & tabac",CBD Shop France,NA,NA,92,0,0,0,8
528,Épicerie fine,Yogitarienne,"4,2",12,92,0,0,0,8
529,Magasin de cigarettes électroniques,Liquideo Station,"4,2",12,75,8,17,0,0
530,"Aliments, boissons & tabac",Myhubert,"4,2",11,82,9,0,9,0
531,"Aliments, boissons & tabac",Akazafwi,"4,2",9,89,11,0,0,0
532,Magasin bio,Effet mère,"4,2",9,100,0,0,0,0
533,Épicerie,Epicerie Pro,"4,2",8,87,0,0,0,13
534,Magasin de cannabis,Médoc Alternative - CBD Shop,"4,2",7,100,0,0,0,0
535,Fournisseur de produits alimentaires,Youpeas,"4,2",7,57,43,0,0,0
536,Magasin de cannabis,Kanaweed,"4,2",7,100,0,0,0,0
537,Magasin d'alimentation naturelle,Neptune Elements,"4,2",7,86,14,0,0,0
538,Magasin d'épices,Andriana Arts'delices,"4,2",7,86,14,0,0,0
539,Brasserie,Boutique Chope Ta Bière.fr,"4,2",6,100,0,0,0,0
540,Boutique de figurines,Mangahills,"4,2",6,100,0,0,0,0
541,Fournisseur d'huîtres,À la Bonne Huître,"4,2",6,100,0,0,0,0
542,Magasin d'alimentation bio,L'ÉPICERIE FINE,"4,2",6,100,0,0,0,0
543,Fontaine à eau potable,Grinsid Bottles,"4,2",6,83,17,0,0,0
544,Bar à vin,Le Décanté,"4,2",6,100,0,0,0,0
545,Magasin de matériel de cuisine,Bredele,"4,2",6,100,0,0,0,0
546,Magasin de cannabis,Theslothclub,"4,2",6,100,0,0,0,0
547,Brasserie,Boutique Chope Ta Bière.fr,"4,2",6,100,0,0,0,0
548,Magasin de vins et spiritueux,Cazemajouvinsetspiritueux,"4,2",6,100,0,0,0,0
549,Magasin de cannabis,La Cbd Du Loup,"4,2",6,100,0,0,0,0
550,Magasin de cigarettes électroniques,Hexovape,"4,2",6,100,0,0,0,0
551,"Aliments, boissons & tabac",BarbeChic,"4,1",239,60,20,8,4,8
552,Magasin d'alcool,Drinks&Co FR,"4,1",213,65,12,5,3,15
553,Vignoble,Château de l'Aumérade,"4,1",101,70,28,<1,0,<1
554,Épicerie fine,Cook Shop,"4,1",86,93,1,0,0,6
555,Caviste,Vino Iberico,"4,1",43,86,12,0,2,0
556,Épicerie fine,Pépite - La Box Apéritive,"4,1",35,71,17,3,3,6
557,"Aliments, boissons & tabac",Alex Herbalife,"4,1",32,69,12,13,0,6
558,Cave à vins,VINBOX.FR,"4,1",26,61,19,4,4,12
559,Distributeur de produits de beauté,Soin de Toi,"4,1",26,85,11,0,0,4
560,Primeur,Pikfruit,"4,1",22,95,5,0,0,0
561,Magasin de cannabis,Le CBD Français,"4,1",20,70,15,10,0,5
562,Magasin de vitamines et compléments alimentaires,Shop Nature,"4,1",16,81,13,0,0,6
563,Fournisseur de machine à café,Au Paradis Du Cafe,"4,1",15,87,0,0,0,13
564,Magasin de cannabis,CBD Paradise,"4,1",15,86,7,0,0,7
565,"Aliments, boissons & tabac",Clacdesdoigts,"4,1",14,50,21,0,7,22
566,Distributeur de boissons,vinduo,"4,1",12,92,0,0,0,8
567,Fabricant d'alcool,Maison Damour,"4,1",12,75,17,0,0,8
568,Magasin de produits gourmets,Lecoqgourmet,"4,1",12,84,8,8,0,0
569,Magasin d'alcool,LCMB.fr,"4,1",12,92,0,0,8,0
570,Magasin d'alimentation bio,L’intendance,"4,1",11,82,0,9,0,9
571,Grossiste,StoqueMarket,"4,1",10,80,10,0,0,10
572,Brasserie,Bierophile.com,"4,1",8,75,25,0,0,0
573,Miellerie,MaMiellerie.com,"4,1",8,75,12,13,0,0
574,Restaurant coréen,HARU HARU,"4,1",7,86,0,0,14,0
575,Boutique de café,MaDistribution.fr,"4,1",7,86,14,0,0,0
576,Fabricant de produits alimentaires,Camel Idee,"4,1",6,100,0,0,0,0
577,Caviste,Bibfresh,"4,1",6,67,33,0,0,0
578,Épicerie fine,18h15,"4,1",6,83,0,17,0,0
579,"Aliments, boissons & tabac",bioterroir,"4,1",5,100,0,0,0,0
580,Magasin de cigarettes électroniques,Vap Store,"4,1",5,100,0,0,0,0
581,Fournisseur de bières,Cocomiette,"4,1",5,100,0,0,0,0
582,Transformation des fruits et légumes,Bokedad,"4,1",5,100,0,0,0,0
583,Boutique de boissons non alcoolisées,TARRHAMANN,"4,1",5,100,0,0,0,0
584,Fabricant d'alcool,C'Rhum,"4,1",5,100,0,0,0,0
585,Brasserie,Klaxx Brewing,"4,1",5,100,0,0,0,0
586,"Aliments, boissons & tabac",Vape E-cigarette,"4,1",5,100,0,0,0,0
587,"Aliments, boissons & tabac",bioterroir,"4,1",5,100,0,0,0,0
588,Magasin de produits de la ferme,Qeiros,"4,1",5,100,0,0,0,0
589,Grossiste de produits,Famillevacher,"4,1",5,100,0,0,0,0
590,Magasin d'alimentation bio,Les Epices Curieuses,"4,1",5,100,0,0,0,0
591,Programme de bien-être,Comme J'aime,"4,0",2056,60,21,6,3,10
592,Production agricole,Pourdebon,"4,0",290,74,4,2,4,16
593,"Aliments, boissons & tabac",Mamamatcha,"4,0",89,84,7,2,0,7
594,Magasin de vins et spiritueux,Boutique Destination Cocktails,"4,0",56,73,16,2,4,5
595,Caviste,Le Carré des Vins,"4,0",39,54,36,5,2,3
596,Service e-commerce,Eco-Recaps,"4,0",10,60,0,10,0,30
597,Fabricant de produits alimentaires,Lafabriquedesmamans,"4,0",10,70,10,10,0,10
598,Magasin de cigarettes électroniques,Fumeo,"4,0",9,89,11,0,0,0
599,Épicerie italienne,Gastronomieditalie,"4,0",7,86,0,14,0,0
600,Pâtisserie,Lasurprisedeschefs,"4,0",7,72,14,14,0,0
601,Marché alimentaire,Etape Locale,"4,0",6,50,50,0,0,0
602,Magasin de cosmétiques,Ateliercoesi,"4,0",5,100,0,0,0,0
603,Boutique de café,NESCAPS,"4,0",5,60,40,0,0,0
604,Confiserie,Sms Bonbon,"4,0",5,80,20,0,0,0
605,Agriculteur,Higreencbd,"4,0",5,80,20,0,0,0
606,Miellerie,Lacompagniedesbutineuses,"4,0",5,80,20,0,0,0
607,Supérette,Deuspi,"4,0",4,100,0,0,0,0
608,Caviste,Eastern Wine,"4,0",4,100,0,0,0,0
609,"Aliments, boissons & tabac",zeCBD : annuaire et comparateur de CBD Shop en ligne,"4,0",4,100,0,0,0,0
610,Magasin d'alimentation naturelle,Mycereales,"4,0",4,100,0,0,0,0
611,Entreprise de transformation alimentaire,"EnergieDiffusion ""LESOUCHET.FR""","4,0",4,100,0,0,0,0
612,Service d'aromathérapie,Baitea,"4,0",4,100,0,0,0,0
613,Cours de cuisine,Kimura's Kitchen,"4,0",4,100,0,0,0,0
614,Boutique de café,Top Saveur,"4,0",4,100,0,0,0,0
615,Boutique de boissons non alcoolisées,King Mate,"4,0",4,100,0,0,0,0
616,Distributeur de boissons,Copainscommeraisins,"4,0",4,100,0,0,0,0
617,Magasin de vaporiseurs,Fleur de cbd,"4,0",4,100,0,0,0,0
618,Magasin de cigarettes électroniques,Clopa Cabana,NA,NA,100,0,0,0,0
619,Magasin de cigarettes électroniques,Top Vapo,"4,0",4,100,0,0,0,0
620,Magasin de cigarettes électroniques,Clopa Cabana,NA,NA,100,0,0,0,0
621,Magasin de cigarettes électroniques,Top Vapo,"4,0",4,100,0,0,0,0
622,Caviste,Mes Bourgognes,"4,0",4,100,0,0,0,0
623,"Aliments, boissons & tabac",Flaavor,"4,0",4,75,25,0,0,0
624,Caviste,LES PASSIONNES DU VIN,"4,0",4,100,0,0,0,0
625,Magasin de cigarettes électroniques,Ecovapo,"4,0",4,100,0,0,0,0
626,"Aliments, boissons & tabac",Aromea Liquide,"4,0",4,75,25,0,0,0
627,Traiteur,Alphonse et Madeleine,"4,0",4,100,0,0,0,0
628,Magasin de cannabis,Bioparadize,"4,0",4,100,0,0,0,0
629,Artisan chocolatier,DULAMÉ,"4,0",4,100,0,0,0,0
630,Magasin de cannabis,Herbaly CBD,"4,0",4,100,0,0,0,0
631,Jardin,Terreterre,"4,0",3,100,0,0,0,0
632,Supermarché,eurasie shop,"4,0",3,100,0,0,0,0
633,Magasin de thé,Azurinfuz,"4,0",3,100,0,0,0,0
634,Épicerie fine,Afriyummy,"4,0",3,100,0,0,0,0
635,Boutique de café,Alternative Café,"4,0",3,100,0,0,0,0
636,Magasin d'alimentation naturelle,Le Pressoir des Gourmands,"4,0",3,100,0,0,0,0
637,Caviste,CavavinCado.com,"4,0",3,100,0,0,0,0
638,Magasin de cannabis,Uncleweed,"4,0",3,100,0,0,0,0
639,Boutique de loisirs créatifs,My Patisserie,"4,0",3,100,0,0,0,0
640,Magasin de cannabis,Kerma Cbd,"4,0",3,100,0,0,0,0
641,Magasin de cannabis,Greenow,"4,0",3,100,0,0,0,0
642,Centre de formation,B as Bread,"4,0",3,100,0,0,0,0
643,Service de traiteur,Mayla,"4,0",3,100,0,0,0,0
644,Miellerie,Rucher Du Cabanon,"4,0",3,100,0,0,0,0
645,Fabricant d'huile d'olive,Moulin de l'Esquirol,"4,0",3,100,0,0,0,0
646,Magasin d'alimentation bio,Le lab du bonheur,"4,0",3,100,0,0,0,0
647,Boutique de café,Granamundo,"4,0",3,100,0,0,0,0
648,Grossiste de produits,MBD EQUIPEMENT,"4,0",3,100,0,0,0,0
649,Magasin d'alimentation naturelle,Delifarm,"4,0",3,100,0,0,0,0
650,Magasin de vaporiseurs,Acheter Fleurs-cbd,"4,0",3,100,0,0,0,0
651,Magasin de vaporiseurs,ballonproto.com,"4,0",3,100,0,0,0,0
652,Magasin de bonbons,Chocolats Rosa,"4,0",3,100,0,0,0,0
653,Caviste,La Cave Littlewood,"4,0",3,100,0,0,0,0
654,"Aliments, boissons & tabac",Route du safran,"4,0",3,100,0,0,0,0
655,"Aliments, boissons & tabac",letamis.fr,"4,0",3,100,0,0,0,0
656,"Aliments, boissons & tabac",Eldenselections,"4,0",3,100,0,0,0,0
657,Magasin de cannabis,Le Green Spot,"4,0",3,100,0,0,0,0
658,Magasin de narguilés,Biggy Smoke,"4,0",3,100,0,0,0,0
659,Magasin de cigarettes électroniques,420 Green Road - Vape,"4,0",3,100,0,0,0,0
660,Magasin de vins et spiritueux,Bellavinea,"4,0",3,100,0,0,0,0
661,Fournisseur de produits alimentaires,Baïkal CBD,"4,0",3,100,0,0,0,0
662,"Aliments, boissons & tabac",VinatisUK,"3,9",538,69,10,4,4,13
663,Livraison de repas à domicile,Quitoque,"3,9",505,52,20,3,3,22
664,Magasin de narguilés,Mistersmoke,"3,9",61,51,5,2,3,39
665,Ferme,Closed Domain,"3,9",34,70,15,6,0,9
666,"Aliments, boissons & tabac",Whisky,"3,9",23,70,4,9,0,17
667,Consultant en aliments et boissons,HLHarmonie,"3,9",17,64,6,12,0,18
668,Épicerie fine,Le Comptoir Irlandais,"3,9",14,72,0,14,0,14
669,Épicerie fine,Le Marche d'Épicure,"3,9",14,72,7,14,0,7
670,"Aliments, boissons & tabac",Wineandco,"3,9",10,30,0,0,0,70
671,Magasin de cannabis,OffWeed CBD,"3,9",7,86,0,0,0,14
672,Épicerie fine,lamounbox.com,"3,9",6,66,17,0,17,0
673,Magasin de thé,KingCBD,"3,9",6,66,17,0,17,0
674,Service de traiteur,Mr Matin,"3,9",5,40,40,20,0,0
675,Conserverie,Borde,"3,9",5,80,0,20,0,0
676,Caviste,Œnocar,"3,9",4,50,50,0,0,0
677,Caviste,Max Bordeaux,"3,9",3,67,33,0,0,0
678,Livraison de repas à domicile,Feedmi France,"3,9",3,67,33,0,0,0
679,Service de traiteur,Phileas Lounge,"3,9",3,67,33,0,0,0
680,Magasin de cannabis,Budzar,"3,9",3,67,33,0,0,0
681,"Aliments, boissons & tabac",Bio Concept E-liquides,"3,9",3,33,33,0,34,0
682,Fabricant de thé,fitvia,"3,8",198,47,7,5,9,32
683,Vente de fruits et légumes en gros,power-host.org,"3,8",129,63,8,8,9,12
684,Magasin d'électroménager,Ma Cave à Vin,"3,8",96,68,4,7,5,16
685,Magasin de cannabis,Cbdqueen,"3,8",63,84,11,1,2,2
686,Magasin d'épices,David Vanille : Chercheur d'épices,"3,8",43,81,5,0,2,12
687,Magasin de vins et spiritueux,Le Bar à Papa,"3,8",27,67,7,7,4,15
688,"Aliments, boissons & tabac",Purezza,"3,8",24,67,12,0,0,21
689,Boutique de produits diététiques,Fruity Boost,"3,8",23,65,9,9,0,17
690,Grossiste en produits agricoles,Medinagri,"3,8",21,62,19,0,0,19
691,Magasin de vins et spiritueux,Gérard Bertrand,"3,8",19,74,10,0,5,11
692,Bar à bières,My Beers,"3,8",18,78,0,5,6,11
693,"Aliments, boissons & tabac",Oliviers & Co,"3,8",10,70,30,0,0,0
694,"Aliments, boissons & tabac",Alpesblanc,"3,8",8,62,0,0,0,38
695,Magasin de cannabis,Mamiejuana,"3,8",6,66,17,0,17,0
696,Marché alimentaire,ginetteetjosiane.com,"3,8",6,66,0,17,17,0
697,Cave à vins,Alpvins.fr,"3,8",3,67,33,0,0,0
698,Magasin discount,Weed Side Story,"3,8",3,67,33,0,0,0
699,Agriculteur,Domaine l'Hermiton,"3,8",3,100,0,0,0,0
700,Magasin discount,Weed Side Story,"3,8",3,67,33,0,0,0
701,Grossiste en vins,LABOXAVIN,"3,8",3,100,0,0,0,0
702,"Aliments, boissons & tabac",Vente de Vin - Le Bourguignon,"3,8",2,100,0,0,0,0
703,"Aliments, boissons & tabac",VAPSTOR,"3,8",2,100,0,0,0,0
704,Distributeur de boissons,Aquapaxmc,"3,8",2,100,0,0,0,0
705,"Aliments, boissons & tabac",VINISAT,"3,8",2,100,0,0,0,0
706,"Aliments, boissons & tabac",GrainparGrain,"3,8",2,100,0,0,0,0
707,Caviste,Cave Champenoise,"3,8",2,100,0,0,0,0
708,Cave à vins,Vignerons du Pays d'Ensérune,"3,8",2,100,0,0,0,0
709,Boulangerie,La Ferme du Luguen,"3,8",2,100,0,0,0,0
710,Fournisseur d'engrais,La Ferme De Maman,"3,8",2,100,0,0,0,0
711,Magasin de cigarettes électroniques,House of Vapes,"3,8",2,100,0,0,0,0
712,Caviste,meilleursvinsbio.com,"3,8",2,100,0,0,0,0
713,Magasin de vins et spiritueux,Spirit Beauties,"3,8",2,100,0,0,0,0
714,Boutique de boissons non alcoolisées,Chiri Tea,"3,8",2,100,0,0,0,0
715,Épicerie,Ginaepices,"3,8",2,100,0,0,0,0
716,Magasin de vins et spiritueux,BTC Wine,"3,8",2,100,0,0,0,0
717,Artisanat,Maison420,"3,8",2,100,0,0,0,0
718,"Aliments, boissons & tabac","Kilean, Consultant en douane pour la certification d'opérateur économique agréé","3,8",2,100,0,0,0,0
719,Caviste,Sudivin,"3,8",2,100,0,0,0,0
720,"Aliments, boissons & tabac",Vente de Vin - Le Bourguignon,"3,8",2,100,0,0,0,0
721,Fournisseur d'engrais,La Ferme De Maman,"3,8",2,100,0,0,0,0
722,Cave à vins,Vignerons du Pays d'Ensérune,"3,8",2,100,0,0,0,0
723,Caviste,Cave Champenoise,"3,8",2,100,0,0,0,0
724,Boulangerie,La Ferme du Luguen,"3,8",2,100,0,0,0,0
725,Distributeur de boissons,Aquapaxmc,"3,8",2,100,0,0,0,0
726,"Aliments, boissons & tabac",VAPSTOR,"3,8",2,100,0,0,0,0
727,Magasin de cigarettes électroniques,House of Vapes,"3,8",2,100,0,0,0,0
728,"Aliments, boissons & tabac",GrainparGrain,"3,8",2,100,0,0,0,0
729,Magasin de vins et spiritueux,Spirit Beauties,"3,8",2,100,0,0,0,0
730,Magasin bio,Ecodya,"3,8",2,100,0,0,0,0
731,Distributeur de boissons,justepresse.fr,"3,8",2,100,0,0,0,0
732,Magasin de cannabis,Synergie CBD Shop,"3,8",2,100,0,0,0,0
733,Vignoble,Vignobles Poitevin,"3,8",2,100,0,0,0,0
734,Magasin de vins et spiritueux,Flakon,"3,8",2,100,0,0,0,0
735,"Aliments, boissons & tabac",franck bayard,"3,8",2,50,0,0,0,50
736,Magasin de vaporiseurs,HHC VAP,"3,8",2,100,0,0,0,0
737,Épicerie italienne,Italiabox,"3,8",2,100,0,0,0,0
738,Artisan chocolatier,Branche Paris,"3,8",2,100,0,0,0,0
739,Boutique de santé et beauté,KetoMix - France,"3,8",2,100,0,0,0,0
740,Boutique de cadeaux,Happy Hour Cocktail Box,"3,8",2,100,0,0,0,0
741,Marché en ligne,Une Belle Journee,"3,8",2,100,0,0,0,0
742,Magasin de cannabis,LES BIENFAITS NATURELS,"3,8",2,100,0,0,0,0
743,Producteur de produits alimentaires,Mira Shop,"3,8",2,100,0,0,0,0
744,"Aliments, boissons & tabac",MONCHEFMINCEUR.FR,"3,7",340,33,33,22,7,5
745,"Aliments, boissons & tabac",Trésorsdesrégions,"3,7",77,80,10,5,0,5
746,Magasin de cannabis,CannaMed.fr,"3,7",31,58,6,0,0,36
747,Magasin de cannabis,Beuhère,"3,7",15,67,0,13,7,13
748,Magasin de matériel de cuisine,Queuedecoq,"3,7",9,67,22,0,0,11
749,"Aliments, boissons & tabac",Abcdelanature,"3,7",8,50,25,25,0,0
750,Magasin de bonbons,Balboaislandshop,"3,7",7,57,14,0,29,0
751,Magasin de cannabis,Ludocbd,"3,7",5,80,0,0,0,20
752,"Aliments, boissons & tabac",Idealcabaret,"3,7",5,80,20,0,0,0
753,Magasin de cigarettes électroniques,Electronique Cigarette,"3,7",4,75,25,0,0,0
754,"Aliments, boissons & tabac",Columbus Café & Co,"3,7",4,25,75,0,0,0
755,Caviste,VINESIM,"3,7",3,67,0,33,0,0
756,Magasin de cigarettes électroniques,Vapoa,"3,7",2,100,0,0,0,0
757,Bar à vin,Bar à vin & Cave La Cav'Halle,"3,7",2,50,50,0,0,0
758,"Aliments, boissons & tabac",Club reduc les codes promo,"3,7",2,50,50,0,0,0
759,Service de livraison des courses,Mafermeenunclic,"3,7",1,100,0,0,0,0
760,Artisan chocolatier,Les Cartes à Croquer,"3,7",1,100,0,0,0,0
761,Épicerie fine,My Pepper Factory,"3,7",1,100,0,0,0,0
762,"Aliments, boissons & tabac",Bombe A-eau,"3,7",1,100,0,0,0,0
763,"Aliments, boissons & tabac",Motorsistem S.R.L,"3,7",1,100,0,0,0,0
764,Magasin d'alimentation naturelle,Petit Ventre Heureux,"3,7",1,100,0,0,0,0
765,Magasin bio,Greener Paris CBD Shop 75009,"3,7",1,100,0,0,0,0
766,Supermarché,Coursa.fr,"3,7",1,100,0,0,0,0
767,Entreprise de fabrication de plastique,Polydecor,"3,7",1,100,0,0,0,0
768,"Aliments, boissons & tabac",L'Atelier du Vin,"3,7",1,100,0,0,0,0
769,Boulangerie,Boulangerie Tordjman,"3,7",1,100,0,0,0,0
770,"Aliments, boissons & tabac",La Grande Cave,"3,7",1,100,0,0,0,0
771,"Aliments, boissons & tabac",CHATEAUNET - CHATEAUPRIMEUR,"3,7",1,100,0,0,0,0
772,Magasin de cannabis,FrenchyFreeze,"3,7",1,100,0,0,0,0
773,Épicerie indienne,Ankaadi,"3,7",1,100,0,0,0,0
774,Torréfacteurs,Cafemama,"3,7",1,100,0,0,0,0
775,Épicerie,Foodyz,"3,7",1,100,0,0,0,0
776,Confiserie,Atelier Victoria,"3,7",1,100,0,0,0,0
777,"Aliments, boissons & tabac",Kouignamann Locronan,"3,7",1,100,0,0,0,0
778,"Aliments, boissons & tabac",LYFETASTE,"3,7",1,100,0,0,0,0
779,"Aliments, boissons & tabac",Cigarette Electronique-vapoteuse,"3,7",1,100,0,0,0,0
780,Caviste,La Maison Des Rhums,"3,7",1,100,0,0,0,0
781,"Aliments, boissons & tabac",Sos Tacos,"3,7",1,100,0,0,0,0
782,Marchand de thé,Marquis des thés,"3,7",1,100,0,0,0,0
783,Magasin de vins et spiritueux,Provenancedirecte,"3,7",1,100,0,0,0,0
784,Épicerie,Mon marché du 49,"3,7",1,100,0,0,0,0
785,"Aliments, boissons & tabac",Diagnostics Moreau,"3,7",1,100,0,0,0,0
786,Boutique de café,Yellow Peak,"3,7",1,100,0,0,0,0
787,"Aliments, boissons & tabac",Ideel Garden,"3,7",1,100,0,0,0,0
788,Salon de thé traditionnel,Salon de thé Pekoe,"3,7",1,100,0,0,0,0
789,Boutique de boissons non alcoolisées,Baga Boissons,"3,7",1,100,0,0,0,0
790,Magasin bio,Positivsens,"3,7",1,100,0,0,0,0
791,Caviste,excellencedeloire,"3,7",1,100,0,0,0,0
792,Service de commande de repas en ligne,Naughtyandnicejuice,"3,7",1,100,0,0,0,0
793,Salon de thé,Kanthe,"3,7",1,100,0,0,0,0
794,Magasin de cigarettes électroniques,Delivape,"3,7",1,100,0,0,0,0
795,Épicerie fine,Apéritiv'Box - Box mensuelle pour l'apéro,"3,7",1,100,0,0,0,0
796,Épicerie,Lepetitplaneur,"3,7",1,100,0,0,0,0
797,Boucherie-charcuterie,La Boucherie du Grand-père,"3,7",1,100,0,0,0,0
798,"Aliments, boissons & tabac",NA,NA,NA,NA,NA,NA,NA,NA
799,Service de traiteur,Lbclub,"3,7",1,100,0,0,0,0
800,Magasin de pâtisseries,Cakeofanny,"3,7",1,100,0,0,0,0
801,Magasin de cannabis,Wiwicorner,"3,7",1,100,0,0,0,0
802,Caviste,Aux Trésors de Bacchus,"3,7",1,100,0,0,0,0
803,Production agricole,Payzan,"3,7",1,100,0,0,0,0
804,"Aliments, boissons & tabac",Arteeshow,"3,7",1,100,0,0,0,0
805,Producteur de produits alimentaires,Domaine Traverse,"3,7",1,100,0,0,0,0
806,Agence de voyages,Kweezine,"3,7",1,100,0,0,0,0
807,Magasin de cigarettes électroniques,YouVape,"3,7",1,100,0,0,0,0
808,"Aliments, boissons & tabac",Huguenot Tassin,"3,7",1,100,0,0,0,0
809,Exploitation viticole,store.champagnebeaufort.com,"3,7",1,100,0,0,0,0
810,"Aliments, boissons & tabac",Cattier Paris,"3,7",1,100,0,0,0,0
811,"Aliments, boissons & tabac",Alfaliquid,"3,7",1,100,0,0,0,0
812,Fabricant de produits alimentaires,L Amandier,"3,7",1,100,0,0,0,0
813,"Aliments, boissons & tabac",Unsacetmoi,"3,7",1,100,0,0,0,0
814,"Aliments, boissons & tabac",Grandsvins-prives.com,"3,7",1,100,0,0,0,0
815,"Aliments, boissons & tabac",Dealmates,"3,7",1,100,0,0,0,0
816,"Aliments, boissons & tabac",Espressokamira,"3,7",1,100,0,0,0,0
817,Confiserie,Calisson Aix,"3,7",1,100,0,0,0,0
818,"Aliments, boissons & tabac",Sirops Eyguebelle,"3,7",1,100,0,0,0,0
819,Supermarché,GreenVirgo,"3,7",1,100,0,0,0,0
820,"Aliments, boissons & tabac",Château Mont-Redon,"3,7",1,100,0,0,0,0
821,"Aliments, boissons & tabac",Labombilla,"3,7",1,100,0,0,0,0
822,Épicerie indienne,Ankaadi,"3,7",1,100,0,0,0,0
823,Confiserie,Atelier Victoria,"3,7",1,100,0,0,0,0
824,"Aliments, boissons & tabac",La Grande Cave,"3,7",1,100,0,0,0,0
825,Magasin de cannabis,Allovert,"3,7",1,100,0,0,0,0
826,Service de traiteur,Services Traiteur,"3,7",1,100,0,0,0,0
827,Magasin d'alimentation naturelle,Achat safran,"3,7",1,100,0,0,0,0
828,Caviste,flaconseil.com,"3,7",1,100,0,0,0,0
829,Boutique de café,100thesetcafes,"3,7",1,100,0,0,0,0
830,Épicerie fine,Maison Fébane,"3,7",1,100,0,0,0,0
831,"Aliments, boissons & tabac",Vinossimo,"3,7",1,100,0,0,0,0
832,Magasin de nouveautés,Maisonbam,"3,7",1,100,0,0,0,0
833,Marchand de bière,Jungle Beer,"3,7",1,100,0,0,0,0
834,Fabricant de produits alimentaires,Nutrazur,"3,7",1,100,0,0,0,0
835,Magasin de fruits secs,Raya Boutique,"3,7",1,100,0,0,0,0
836,"Aliments, boissons & tabac",Le chef en box,"3,6",76,70,8,5,1,16
837,"Aliments, boissons & tabac",Expat.com,"3,6",64,52,5,3,6,34
838,Service de livraison des courses,Cajoo,"3,6",49,69,0,2,2,27
839,Fabricant de produits alimentaires,Algo,"3,6",32,75,16,3,3,3
840,Caviste,23vins,"3,6",18,78,11,11,0,0
841,Magasin de cigarettes électroniques,ECIG SPACE,"3,6",14,71,0,0,0,29
842,"Aliments, boissons & tabac",Vapoteuse.fr,"3,6",11,73,0,0,0,27
843,Magasin de cigarettes électroniques,Tubeuse Cigarette-electrique,"3,6",8,75,12,0,13,0
844,Boutique de produits diététiques,HBL produits,"3,6",8,75,0,0,0,25
845,Entreprise d'électronique,One Puff Bar,"3,6",7,86,0,0,0,14
846,Magasin de cannabis,Drcbdshop,"3,6",4,25,25,50,0,0
847,"Aliments, boissons & tabac",Aromemarket,"3,6",4,50,0,0,0,50
848,Boutique de boissons non alcoolisées,Noolydrinks,"3,6",3,67,0,0,0,33
849,Magasin de narguilés,L'As des Chichas,"3,6",3,67,0,0,33,0
850,Magasin d'alimentation bio,Tropicaly - Snack Collection,"3,6",2,50,0,50,0,0
851,"Aliments, boissons & tabac",Graindecafe,"3,6",2,50,0,0,0,50
852,Producteur de produits alimentaires,Lesdelicesdenoemie,"3,6",1,0,100,0,0,0
853,Fabricant de produits alimentaires,Confit de Provence,"3,6",1,0,100,0,0,0
854,Supermarché,Kerbio,"3,6",1,0,100,0,0,0
855,"Aliments, boissons & tabac",Harrys,"3,6",1,0,100,0,0,0
856,"Aliments, boissons & tabac",Chateauletros,"3,6",1,0,100,0,0,0
857,"Aliments, boissons & tabac",Acasetta,"3,6",1,0,100,0,0,0
858,Fournisseur de fontaines à eau,Mistral Constructeur,"3,6",1,0,100,0,0,0
859,Programme de bien-être,Thalado Le Comptoir des Algues,"3,6",1,0,100,0,0,0
860,Agriculteur,Stg 33,"3,6",1,0,100,0,0,0
861,"Aliments, boissons & tabac",Calais Wine,"3,6",1,0,100,0,0,0
862,Caviste,Cahorsbooking,"3,6",1,0,100,0,0,0
863,"Aliments, boissons & tabac",Frenchop,"3,6",1,0,100,0,0,0
864,"Aliments, boissons & tabac",Deco Cool,"3,6",1,0,100,0,0,0
865,"Aliments, boissons & tabac",Vahine FR,"3,6",1,0,100,0,0,0
866,Boutique de café,Cosy,"3,5",60,45,22,8,7,18
867,Marché alimentaire,Feed.,"3,5",39,49,15,0,3,33
868,Boutique de produits diététiques,Team Nutrition - Boutique de Nutrition Sportive et Compléments Alimentaires,"3,5",28,75,14,0,4,7
869,Restaurant,Leon [ex Léon de Bruxelles],"3,5",19,48,5,0,5,42
870,"Aliments, boissons & tabac",Vers La Terre,"3,5",12,25,25,0,8,42
871,Fournisseur de tabac,Tosma,"3,5",11,46,9,18,9,18
872,"Aliments, boissons & tabac",Caramelys Lyon,"3,5",8,75,0,0,25,0
873,Magasin de produits capillaires,Mexsa,"3,5",3,67,0,0,0,33
874,"Aliments, boissons & tabac",Viticulteurs.Market,"3,5",3,33,0,0,0,67
875,Magasin de cannabis,Naturel high cbd,"3,5",3,67,0,0,0,33
876,Magasin de bonbons,Mistral Bonbon,"3,5",2,50,0,50,0,0
877,Fabricant de produits alimentaires,Maison Coudène,NA,0,0,0,0,0,0
878,Cave à vins,Whisky Prestige,NA,0,0,0,0,0,0
879,"Aliments, boissons & tabac",After Life,NA,0,0,0,0,0,0
880,Magasin de vins et spiritueux,Allo Celtia,NA,0,0,0,0,0,0
881,"Aliments, boissons & tabac",LaCave.so,NA,0,0,0,0,0,0
882,"Aliments, boissons & tabac",AILES Nutrition,NA,0,0,0,0,0,0
883,"Aliments, boissons & tabac",République du Vin,NA,0,0,0,0,0,0
884,"Aliments, boissons & tabac",Assurance Decennale-artisan,NA,0,0,0,0,0,0
885,Packaging d'aliments de base,Mylunchbox,NA,0,0,0,0,0,0
886,"Aliments, boissons & tabac",Azurvio,NA,0,0,0,0,0,0
887,"Aliments, boissons & tabac",Les Saumons Francois,NA,0,0,0,0,0,0
888,"Aliments, boissons & tabac",Yannickamirault,NA,0,0,0,0,0,0
889,Agence de visites touristiques,Winalist,NA,0,0,0,0,0,0
890,"Aliments, boissons & tabac",Vinbourgueil,NA,0,0,0,0,0,0
891,"Aliments, boissons & tabac",Humidor Sation,NA,0,0,0,0,0,0
892,"Aliments, boissons & tabac",Vins du Val de Loire,NA,0,0,0,0,0,0
893,"Aliments, boissons & tabac",R. Junca,NA,0,0,0,0,0,0
894,"Aliments, boissons & tabac",Cmaison,NA,0,0,0,0,0,0
895,"Aliments, boissons & tabac",e-garette.fr,NA,0,0,0,0,0,0
896,"Aliments, boissons & tabac",Palaisduvapoteur,NA,0,0,0,0,0,0
897,Grossiste en vins et spiritueux,Patrimoine Partenaires,NA,0,0,0,0,0,0
898,Magasin bio,Thalassa Mediterranee,NA,0,0,0,0,0,0
899,"Aliments, boissons & tabac",CIMOLINO,NA,0,0,0,0,0,0
900,Cave à vins,Succul,NA,0,0,0,0,0,0
901,"Aliments, boissons & tabac",SARL LECOMTE PERE ET FILS,NA,0,0,0,0,0,0
902,Grossiste en vins et spiritueux,Illivino,NA,0,0,0,0,0,0
903,Épicerie,vegan-place.com,NA,0,0,0,0,0,0
904,"Aliments, boissons & tabac",Villa Saint-ferdinand-argenteuil,NA,0,0,0,0,0,0
905,Restauration rapide,FoodMoood,NA,0,0,0,0,0,0
906,Vignoble,Domaineravier,NA,0,0,0,0,0,0
907,"Aliments, boissons & tabac",EL CAFE,NA,0,0,0,0,0,0
908,"Aliments, boissons & tabac",Dlice,NA,0,0,0,0,0,0
909,"Aliments, boissons & tabac",Musculation Boutique,NA,0,0,0,0,0,0
910,"Aliments, boissons & tabac",Enviedebienmanger,NA,0,0,0,0,0,0
911,"Aliments, boissons & tabac",Impulsion bien-être,NA,0,0,0,0,0,0
912,"Aliments, boissons & tabac",Clopenstock,NA,0,0,0,0,0,0
913,"Aliments, boissons & tabac",Nabuco.com,NA,0,0,0,0,0,0
914,"Aliments, boissons & tabac",Aux Grands Crus,NA,0,0,0,0,0,0
915,"Aliments, boissons & tabac",prodelices,NA,0,0,0,0,0,0
916,Caviste,Rouge-Blanc,NA,0,0,0,0,0,0
917,Caviste,Levinitalien,NA,0,0,0,0,0,0
918,"Aliments, boissons & tabac",Gocartegrise,NA,0,0,0,0,0,0
919,Cave à vins,www.blm-whisky.com,NA,0,0,0,0,0,0
920,"Aliments, boissons & tabac",LaCave.so,NA,0,0,0,0,0,0
921,"Aliments, boissons & tabac",AILES Nutrition,NA,0,0,0,0,0,0
922,"Aliments, boissons & tabac",CIMOLINO,NA,0,0,0,0,0,0
923,Caviste,Vinodomia,NA,0,0,0,0,0,0
924,"Aliments, boissons & tabac",Clopenstock,NA,0,0,0,0,0,0
925,"Aliments, boissons & tabac",MR Bricolage,"3,4",426,25,6,2,6,61
926,Marchand de thé,Maté Miam,"3,4",126,60,8,5,2,25
927,Livraison de repas à domicile,Mimiminceur,"3,4",45,42,36,4,2,16
928,Magasin d'alimentation naturelle,Cakespace,"3,4",20,80,0,0,5,15
929,"Aliments, boissons & tabac",Vaping Silver,"3,4",5,60,0,0,20,20
930,"Aliments, boissons & tabac",Alcooldeluxe,"3,4",5,20,20,0,0,60
931,Épicerie italienne,Nonna Domenica,"3,4",2,50,0,0,0,50
932,Service e-commerce,Sayan Shop,"3,4",2,0,50,0,50,0
933,"Aliments, boissons & tabac",Asiamarche,"3,4",1,0,0,100,0,0
934,"Aliments, boissons & tabac",Fanta France,"3,4",1,0,0,100,0,0
935,Magasin de cigarettes électroniques,Arômes et Liquides,"3,3",69,62,3,1,3,31
936,"Aliments, boissons & tabac",Venteinsecte,"3,3",18,50,22,0,6,22
937,Magasin d'alimentation bio,Les Colis du Boucher,"3,3",17,41,6,17,18,18
938,Supermarché,Epices du monde,"3,3",8,50,12,13,0,25
939,Magasin de vaporiseurs,HerbalizeStore,"3,3",3,33,0,0,0,67
940,Fournisseur de machinerie alimentaire,Freshcorna,"3,3",2,50,0,0,0,50
941,"Aliments, boissons & tabac",Trésor de Kellogg's,"3,3",2,0,50,0,0,50
942,Pharmacie en ligne,weedgo.store,"3,3",2,0,50,0,0,50
943,"Aliments, boissons & tabac",Potager City,"3,2",73,29,8,4,21,38
944,Magasin de bonbons,Faller,"3,2",4,75,0,0,0,25
945,"Aliments, boissons & tabac",Happesmoke,"3,2",3,67,0,0,0,33
946,"Aliments, boissons & tabac",mazet confiseur,"3,2",2,0,50,0,0,50
947,Fabricant de produits alimentaires,Vitaline,"3,2",1,0,0,0,0,100
948,"Aliments, boissons & tabac",Demenagements Les-collinettes,"3,2",1,0,0,0,0,100
949,"Aliments, boissons & tabac",Clickandvape,"3,2",1,0,0,0,0,100
950,Magasin de cannabis,Cbdmarketplace,"3,2",1,0,0,0,0,100
951,Magasin de bonbons,Kit Kat Mania,"3,2",1,0,0,0,0,100
952,Boucherie,Viandes à GoGo,"3,2",1,0,0,0,0,100
953,Magasin de vaporiseurs,Planete Sfactory,"3,1",45,49,4,2,5,40
954,Caviste,Plus de bulles,"3,1",12,41,0,17,0,42
955,"Aliments, boissons & tabac",Neovapo,"3,1",5,40,0,0,0,60
956,Confiserie,Ricola,"3,1",4,50,0,25,0,25
957,Fournisseur de tabac,Feuilles tabac,"3,1",3,33,0,0,0,67
958,"Aliments, boissons & tabac",Adispos,"3,1",2,50,0,0,0,50
959,Supermarché,Asiamarche,"3,0",309,65,16,5,2,12
960,"Aliments, boissons & tabac",Lilburger,"3,0",138,41,11,7,10,31
961,Supermarché,Houra,"3,0",93,52,3,10,6,29
962,Magasin de produits de beauté,Mamie Malice,"3,0",17,76,12,0,0,12
963,Magasin bio,Graine De-bonne-sante,"3,0",5,60,0,0,0,40
964,"Aliments, boissons & tabac",HARIBO : bienvenue sur la boutique officielle !,"3,0",5,20,0,20,0,60
965,Service de traiteur,Sainpack,"3,0",3,33,33,0,0,34
966,"Aliments, boissons & tabac",Atelier du Chocolat,"3,0",3,33,33,0,0,34
967,Caviste,MesVinsCacher.Com,"2,9",608,82,11,2,2,3
968,Brasserie,Une Petite Mousse,"2,9",98,66,4,2,10,18
969,"Aliments, boissons & tabac",G.C.P.,"2,9",6,17,0,0,0,83
970,"Aliments, boissons & tabac",Garnier Thiebaut,"2,9",4,25,0,0,50,25
971,Boulangerie,FEUILLETTE,"2,9",3,33,0,0,33,34
972,Fournisseur de matériel agricole,Okazmachines(lrloc),"2,9",3,0,0,0,0,100
973,"Aliments, boissons & tabac",DemarchesAdministratives.FR,"2,9",3,33,0,0,0,67
974,"Aliments, boissons & tabac",GACD,"2,9",2,0,0,0,0,100
975,"Aliments, boissons & tabac",Fermetures Grayo-coutand,"2,9",2,0,0,0,0,100
976,Boulangerie,Labo&Gato,"2,8",1003,79,14,4,1,2
977,Service de traiteur,La Belle Assiette France,"2,8",126,81,11,2,0,6
978,Service informatique,Bonbonvore,"2,8",7,14,0,0,0,86
979,"Aliments, boissons & tabac",Orangina Suntory,"2,8",3,0,33,33,0,34
980,"Aliments, boissons & tabac",caviste-vins-bio.com,"2,8",3,33,0,0,0,67
981,"Aliments, boissons & tabac",Orangina Suntory,"2,8",3,0,33,33,0,34
982,Service de livraison des courses,La belle vie,"2,7",184,29,4,9,14,44
983,Magasin de cannabis,CBDSTREET®,"2,7",115,52,11,9,4,24
984,Magasin d'alimentation bio,Biocoop,"2,7",61,23,15,13,11,38
985,"Aliments, boissons & tabac",Saikiru,"2,7",59,47,2,0,0,51
986,Épicerie fine,Beelixir,"2,7",32,57,9,9,3,22
987,"Aliments, boissons & tabac",Nos Vignes,"2,7",20,85,10,0,0,5
988,"Aliments, boissons & tabac",Happy Smoke,"2,7",4,25,0,0,0,75
989,Magasin de vins et spiritueux,iDealwine,"2,6",24,34,0,4,8,54
990,"Aliments, boissons & tabac",LaNutrition.fr,"2,6",4,25,50,0,0,25
991,Magasin de cigarettes électroniques,EC PROFIL NON OFFICIEL,"2,5",489,51,8,4,2,35
992,Magasin de cigarettes électroniques,LE PETIT FUMEUR,"2,5",53,49,6,2,6,37
993,"Aliments, boissons & tabac",Entomapetfood,"2,5",50,50,2,2,6,40
994,"Aliments, boissons & tabac",Sam Alu,"2,5",19,26,0,0,5,69
995,Boutique de café,CapsuleCafe.com,"2,5",11,9,0,9,0,82
996,"Aliments, boissons & tabac",blackview.fr,"2,5",11,18,0,9,18,55
997,Magasin de bonbons,Biscuits Fossier,"2,5",7,14,0,14,43,29
998,"Aliments, boissons & tabac",Ecig Boutik,"2,5",5,20,0,0,0,80
999,"Aliments, boissons & tabac",My VitiBox,"2,5",5,40,0,0,0,60
1000,Fabricant de produits surgelés,Maison Thiriet,"2,4",275,24,8,10,17,41
1001,Supermarché,Chronodrive,"2,4",43,28,5,16,16,35
1002,Magasin de cigarettes électroniques,Cigastar,"2,4",21,52,5,0,0,43
1003,"Aliments, boissons & tabac",De Neuville,"2,4",20,10,5,0,35,50
1004,Magasin de cannabis,CBD Express,"2,4",18,33,5,6,6,50
1005,Magasin d'alimentation naturelle,Force Ultra Nature,"2,4",17,18,0,12,0,70
1006,Magasin de fruits secs,Homines enim eruditos et sobrio / Homines enim eruditos,"2,4",7,14,0,0,14,72
1007,"Aliments, boissons & tabac",Green-lizard.fr,"2,3",27,74,14,4,4,4
1008,Magasin de vaporiseurs,Namaste Vapes,"2,3",19,21,5,5,5,64
1009,"Aliments, boissons & tabac",Comtesse du Barry,"2,3",8,12,0,0,38,50
1010,Caviste,Phileas Wine Club,"2,2",38,13,16,5,5,61
1011,Caviste,Vin Subtil,"2,2",15,13,7,0,7,73
1012,"Aliments, boissons & tabac",iClope.com,"2,2",8,37,12,13,0,38
1013,"Aliments, boissons & tabac",La Boutique du Gaz,"2,1",62,11,8,3,8,70
1014,Livraison de repas à domicile,bofrost* France,"2,0",315,17,5,2,5,71
1015,Épicerie coréenne,couteauazur.com,"2,0",98,37,0,1,2,60
1016,"Aliments, boissons & tabac",METRO Cash & Carry France,"2,0",25,4,0,0,8,88
1017,"Aliments, boissons & tabac",Davidson Distribution,"2,0",11,18,0,0,0,82
1018,Fournisseur de matériel agricole,DIFFEA,"2,0",10,0,0,0,0,100
1019,Magasin de vins et spiritueux,www.pompe-a-biere.com,"1,9",1361,62,19,9,4,6
1020,Supermarché,Auchan Drive,"1,9",196,10,10,9,13,58
1021,Supermarché,Beth Cacher Boucherie,"1,9",66,56,17,3,4,20
1022,"Aliments, boissons & tabac",Chocolats Lindt France,"1,9",45,9,9,7,7,68
1023,Boulangerie,EquipeCuisineAZ,"1,9",17,18,23,12,6,41
1024,Service de commande de repas en ligne,La French Box,"1,9",16,62,13,0,0,25
1025,"Aliments, boissons & tabac",Royal Art Palace,"1,9",14,0,0,0,0,100
1026,Caviste,Nicolas,"1,8",53,21,13,2,4,60
1027,Caviste,Chateauonline,"1,8",15,0,0,0,7,93
1028,Magasin bio,RelaisBio,"1,8",14,14,0,0,0,86
1029,"Aliments, boissons & tabac",Allobebe,"1,7",366,50,10,3,3,34
1030,"Aliments, boissons & tabac",Idealgourmet,"1,7",19,21,0,5,0,74
1031,"Aliments, boissons & tabac",Recensioni Verificate,"1,6",131,40,2,0,5,53
1032,Épicerie japonaise spécialisée,myjapanbox,"1,6",35,11,3,6,0,80
1033,Boutique de café,Whittard of Chelsea,"1,6",24,55,21,8,8,8
1034,Supermarché,Carrefour France,"1,5",2469,8,3,4,7,78
1035,Magasin de café,Nespresso France,"1,5",962,8,2,2,5,83
1036,Supermarché,Intermarche,"1,5",948,5,4,4,8,79
1037,Magasin de cigarettes électroniques,CIGAMANIA,"1,5",105,47,5,3,9,36
1038,"Aliments, boissons & tabac",Myecocafe,"1,5",34,0,3,3,0,94
1039,"Aliments, boissons & tabac",Kinder,"1,4",93,14,6,1,1,78
1040,"Aliments, boissons & tabac",Prostabium,"1,4",76,19,25,13,17,26
1041,Centre de bien-être,Mycelia smartshop france,"1,4",38,21,0,0,0,79
1042,Supermarché,E Leclerc,"1,2",1985,3,2,2,6,87
1043,Boulangerie,Marmiton.org,"1,1",371,39,13,4,2,42
1044,Boulangerie,Lejourseleve Pessac,NA,0,0,0,0,0,0
1045,Magasin de cannabis,Lambassadeducbd,NA,0,0,0,0,0,0
1046,Restaurant,Bugizz,NA,0,0,0,0,0,0
1047,Boutique de café,Coffeewall,NA,0,0,0,0,0,0
1048,"Aliments, boissons & tabac",Revold,NA,0,0,0,0,0,0
1049,Magasin bio,Le Colibri,NA,0,0,0,0,0,0
1050,Pâtisserie,Honoré,NA,0,0,0,0,0,0
1051,Vente de fruits et légumes en gros,Maison Callico,NA,0,0,0,0,0,0
1052,Salon de thé,Creativ The,NA,0,0,0,0,0,0
1053,Grossiste en vins,Domaine De-rosiers,NA,0,0,0,0,0,0
1054,"Aliments, boissons & tabac",Legrandthe,NA,0,0,0,0,0,0
1055,Boucherie-charcuterie,Laviandecasher,NA,0,0,0,0,0,0
1056,Épicerie fine,Upside Lab,NA,0,0,0,0,0,0
1057,Production agricole,Plant Innovation R&D,NA,0,0,0,0,0,0
1058,Magasin bio,S.A CBD,NA,0,0,0,0,0,0
1059,Magasin bio,La box à semer,NA,0,0,0,0,0,0
1060,Boulangerie,Lgbp,NA,0,0,0,0,0,0
1061,Magasin de cannabis,CANNAFUSION CBD THUIR,NA,0,0,0,0,0,0
1062,Cave à vins,Au Saint Amour Murois,NA,0,0,0,0,0,0
1063,Marchand de légumes,Primeurs de la Palud,NA,0,0,0,0,0,0
1064,Entreprise de transformation alimentaire,Clem,NA,0,0,0,0,0,0
1065,Magasin de cigarettes électroniques,X-BAR,NA,0,0,0,0,0,0
1066,Agriculteur,Foglieditabacco,NA,0,0,0,0,0,0
1067,Transformation des fruits et légumes,Agonde,NA,0,0,0,0,0,0
1068,Cave à vins,Odyswines,NA,0,0,0,0,0,0
1069,Exploitation viticole,Masdunovi,NA,0,0,0,0,0,0
1070,Épicerie fine,Theworldgrocery,NA,0,0,0,0,0,0
1071,Service de livraison des courses,Flincy,NA,0,0,0,0,0,0
1072,Supermarché discount,RefurbStuff,NA,0,0,0,0,0,0
1073,Épicerie,Bonsigne,NA,0,0,0,0,0,0
1074,Site historique,Domaine Saint-Antonin,NA,0,0,0,0,0,0
1075,Fabricant de produits alimentaires,Essentialdietetics,NA,0,0,0,0,0,0
1076,Société de transport international de marchandises,2htransports.com,NA,0,0,0,0,0,0
1077,"Aliments, boissons & tabac",Lieu des Délices,NA,0,0,0,0,0,0
1078,Producteur de produits alimentaires,Fleur2sel,NA,0,0,0,0,0,0
1079,"Aliments, boissons & tabac",SoDivin,NA,0,0,0,0,0,0
1080,Brasserie,MisterGoodBeer,NA,0,0,0,0,0,0
1081,Caviste,Wine Ologue,NA,0,0,0,0,0,0
1082,Magasin de vins et spiritueux,V2vin,NA,0,0,0,0,0,0
1083,Miellerie,Rucherdescanon,NA,0,0,0,0,0,0
1084,Artisan chocolatier,PAND'OR CREATION,NA,0,0,0,0,0,0
1085,Boutique de boissons non alcoolisées,16h24,NA,0,0,0,0,0,0
1086,Magasin de cannabis,Labonnelocale,NA,0,0,0,0,0,0
1087,"Aliments, boissons & tabac",Thedifferenttraveler,NA,0,0,0,0,0,0
1088,Magasin de cannabis,Cbdlemaraicher,NA,0,0,0,0,0,0
1089,Confiserie,Planetbonbons,NA,0,0,0,0,0,0
1090,Épicerie,Mi Hewti,NA,0,0,0,0,0,0
1091,Marchand de thé,Thé Paon,NA,0,0,0,0,0,0
1092,Pâtissier spécialisé dans les gâteaux de mariage,Jessie s,NA,0,0,0,0,0,0
1093,Fournisseur de produits alimentaires,Sisterre,NA,0,0,0,0,0,0
1094,Magasin de bonbons,BONBEC SHOW,NA,0,0,0,0,0,0
1095,Fabricant d'huile d'olive,DUSUD,NA,0,0,0,0,0,0
1096,Artisanat,lesgourmandsdouest.fr,NA,0,0,0,0,0,0
1097,Magasin bio,Le Colibri,NA,0,0,0,0,0,0
1098,Pâtisserie,Honoré,NA,0,0,0,0,0,0
1099,Poissonnerie,Daguerre Marée,NA,0,0,0,0,0,0
1100,Boulangerie,Lejourseleve Pessac,NA,0,0,0,0,0,0
1101,"Aliments, boissons & tabac",Cafemoulu.fr,NA,0,0,0,0,0,0
1102,Magasin de cannabis,Cbd Evasion - Fréjus - Draguignan,NA,0,0,0,0,0,0
1103,"Aliments, boissons & tabac",Center Securite-privee,NA,0,0,0,0,0,0
1104,Caviste,Vinocratie,NA,0,0,0,0,0,0
1105,"Aliments, boissons & tabac",Legrandthe,NA,0,0,0,0,0,0
1106,Boucherie-charcuterie,Laviandecasher,NA,0,0,0,0,0,0
1107,"Aliments, boissons & tabac",Foodyvino,NA,0,0,0,0,0,0
1108,Restaurant,Mana - Aix,NA,0,0,0,0,0,0
1109,Salon de thé,Creativ The,NA,0,0,0,0,0,0
1110,"Aliments, boissons & tabac",Delictus,NA,0,0,0,0,0,0
1111,Magasin d'alimentation naturelle,Lestresorsderable,NA,0,0,0,0,0,0
1112,"Aliments, boissons & tabac",GO Vapo,NA,0,0,0,0,0,0
1113,Prestataire spécialisé en études de marché,THE GLAM PRESTIGE GROUP,NA,0,0,0,0,0,0
1114,Boutique de café,Les Torrefacteurs Français,NA,0,0,0,0,0,0
1115,"Aliments, boissons & tabac",Ciredabeille,NA,0,0,0,0,0,0
1116,Vente de fruits et légumes en gros,Maison Callico,NA,0,0,0,0,0,0
1117,Boucherie,Boucherie Charcuterie-de-campagne,NA,0,0,0,0,0,0
1118,Grossiste en vins,Domaine De-rosiers,NA,0,0,0,0,0,0
1119,Brasserie,La Pinte Française,NA,0,0,0,0,0,0
1120,Exploitation viticole,Galuval,NA,0,0,0,0,0,0
1121,"Aliments, boissons & tabac",Vinoclub,NA,0,0,0,0,0,0
1122,"Aliments, boissons & tabac",cerascreen.fr,NA,0,0,0,0,0,0
1123,Traiteur,Abbies,NA,0,0,0,0,0,0
1124,"Aliments, boissons & tabac",Espace E-cigarette,NA,0,0,0,0,0,0
1125,"Aliments, boissons & tabac",Negozi Sardi - Il tuo e-commerce 100% Sardo,NA,0,0,0,0,0,0
1126,"Aliments, boissons & tabac",Colors of Tea,NA,0,0,0,0,0,0
1127,"Aliments, boissons & tabac",IMPRA France,NA,0,0,0,0,0,0
1128,Pâtisserie,Marius le Pâtissier,NA,0,0,0,0,0,0
1129,"Aliments, boissons & tabac",Vindedius,NA,0,0,0,0,0,0
1130,"Aliments, boissons & tabac",The best vintage caveau D Brunel,NA,0,0,0,0,0,0
1131,"Aliments, boissons & tabac",VDLV,NA,0,0,0,0,0,0
1132,Agriculteur,Ferme de la Gourdaine,NA,0,0,0,0,0,0
1133,"Aliments, boissons & tabac",Amm sarl,NA,0,0,0,0,0,0
1134,"Aliments, boissons & tabac",Brasserie De-lailloux,NA,0,0,0,0,0,0
1135,"Aliments, boissons & tabac",Produitfrance,NA,0,0,0,0,0,0
1136,"Aliments, boissons & tabac",Covigneron,NA,0,0,0,0,0,0
1137,Fournisseur de produits alimentaires,Cella,NA,0,0,0,0,0,0
1138,Espace Internet,voyage-to.me,NA,0,0,0,0,0,0
1139,Magasin de matériel de décoration de gâteaux,Les box du cake design,NA,0,0,0,0,0,0
1140,Distillerie,Repulsafe,NA,0,0,0,0,0,0
1141,Distributeur de boissons,Pepemate,NA,0,0,0,0,0,0
1142,Magasin de produits gourmets,Truffes VIP,NA,0,0,0,0,0,0
1143,Fromagerie,Les Frères Marchand,NA,0,0,0,0,0,0
1144,Magasin de vins et spiritueux,Terroirdesanges,NA,0,0,0,0,0,0
1145,Magasin de cigarettes électroniques,Wpuff,NA,0,0,0,0,0,0
1146,Boucherie,Terroirsdehauteloire,NA,0,0,0,0,0,0
1147,"Aliments, boissons & tabac",SoDivin,NA,0,0,0,0,0,0
1148,"Aliments, boissons & tabac",Smokr,NA,0,0,0,0,0,0
1149,Supermarché,Sable Blanc,NA,0,0,0,0,0,0
1150,Torréfacteurs,Limitd,NA,0,0,0,0,0,0
1151,Magasin d'alimentation bio,Monpanierantigaspi,NA,0,0,0,0,0,0
1152,Centre de formation à distance,eFormationHSAQuality,NA,0,0,0,0,0,0
1153,Service e-commerce,Bontaga,NA,0,0,0,0,0,0
1154,Confiserie,Nathboutique,NA,0,0,0,0,0,0
1155,"Aliments, boissons & tabac",Vindebacchus,NA,0,0,0,0,0,0
1156,"Aliments, boissons & tabac",ALTERNATIF,NA,0,0,0,0,0,0
1157,Magasin bio,Ekilab,NA,0,0,0,0,0,0
1158,Grossiste en vins et spiritueux,Pépites de vin,NA,0,0,0,0,0,0
1159,Épicerie fine,Les Ptits Secrets Gourmands De Galinette,NA,0,0,0,0,0,0
1160,"Aliments, boissons & tabac",Coffretdelices,NA,0,0,0,0,0,0
1161,Boutique de produits de nutrition sportive,Ironshark Nutrition,NA,0,0,0,0,0,0
1162,Magasin de cigarettes électroniques,Vaped,NA,0,0,0,0,0,0
1163,Brasserie,Galopaintes,NA,0,0,0,0,0,0
1164,Magasin de cannabis,Divine,NA,0,0,0,0,0,0
1165,Caviste,VelvetBull,NA,0,0,0,0,0,0
1166,Magasin d'alimentation naturelle,Veggin,NA,0,0,0,0,0,0
1167,Caviste,Pleasure Wine & Arts,NA,0,0,0,0,0,0
1168,Magasin de thé,Sachet De The,NA,0,0,0,0,0,0
1169,Poissonnerie,Daguerre Marée,NA,0,0,0,0,0,0
1170,Magasin bio,Le Colibri,NA,0,0,0,0,0,0
1171,Pâtisserie,Honoré,NA,0,0,0,0,0,0
1172,Salon de thé,Creativ The,NA,0,0,0,0,0,0
1173,Boucherie,Boucherie Charcuterie-de-campagne,NA,0,0,0,0,0,0
1174,Grossiste en vins,Domaine De-rosiers,NA,0,0,0,0,0,0
1175,Boucherie-charcuterie,Laviandecasher,NA,0,0,0,0,0,0
1176,"Aliments, boissons & tabac",Foodyvino,NA,0,0,0,0,0,0
1177,"Aliments, boissons & tabac",Ciredabeille,NA,0,0,0,0,0,0
1178,Restaurant,Mana - Aix,NA,0,0,0,0,0,0
1179,Épicerie fine,Upside Lab,NA,0,0,0,0,0,0
1180,"Aliments, boissons & tabac",vitivalorsolutions.com,NA,0,0,0,0,0,0
1181,Magasin de cannabis,Lambassadeducbd,NA,0,0,0,0,0,0
1182,Service de traiteur,Allotantie,NA,0,0,0,0,0,0
1183,Épicerie fine,Upside Lab,NA,0,0,0,0,0,0
1184,Caviste,Escalesgourmandes,NA,0,0,0,0,0,0
1185,Magasin d'épices,Lesvoiesepicees,NA,0,0,0,0,0,0
1186,"Aliments, boissons & tabac",Volailles Du-grand-chemin,NA,0,0,0,0,0,0
1187,Magasin d'épices,Legrenieraepices,NA,0,0,0,0,0,0
1188,Fabricant de thé,Chazette,NA,0,0,0,0,0,0
1189,Grossiste en boissons alcoolisées,ALLOW Le Hard Seltzer,NA,0,0,0,0,0,0
1190,Vente de fruits et légumes en gros,Atoutfruit Production,NA,0,0,0,0,0,0
1191,Chocolatier,My Little Choco,NA,0,0,0,0,0,0
1192,Agriculteur,Tobacco Leaves,NA,0,0,0,0,0,0
1193,Boulangerie,Matinideal,NA,0,0,0,0,0,0
1194,"Aliments, boissons & tabac",Safrandupaysdelor,NA,0,0,0,0,0,0
1195,Magasin d'épices,Epices,NA,0,0,0,0,0,0
1196,Fabricant de produits alimentaires,CHICHE,NA,0,0,0,0,0,0
1197,Producteur de produits alimentaires,Chanvreel,NA,0,0,0,0,0,0
1198,Consultant en aliments et boissons,Batchcooking,NA,0,0,0,0,0,0
1199,Restaurant de déjeuner,Elementals,NA,0,0,0,0,0,0
1200,Magasin de cannabis,Cbd Evasion - Fréjus - Draguignan,NA,0,0,0,0,0,0
1201,Boucherie,Boucherie Charcuterie-de-campagne,NA,0,0,0,0,0,0
1202,"Aliments, boissons & tabac",Center Securite-privee,NA,0,0,0,0,0,0
1203,"Aliments, boissons & tabac",Foodyvino,NA,0,0,0,0,0,0
1204,Caviste,Escalesgourmandes,NA,0,0,0,0,0,0
1205,"Aliments, boissons & tabac",vitivalorsolutions.com,NA,0,0,0,0,0,0
1206,Magasin d'épices,Lesvoiesepicees,NA,0,0,0,0,0,0
1207,Magasin d'alimentation naturelle,Aupaysducbd,NA,0,0,0,0,0,0
1208,Épicerie,Mouvement,NA,0,0,0,0,0,0
1209,Marché alimentaire,France By Mouth,NA,0,0,0,0,0,0
1210,Fabricant de produits alimentaires,Poivressence,NA,0,0,0,0,0,0
1211,Magasin de bonbons,Michel Cluizel FR,NA,0,0,0,0,0,0
1212,Fabricant de produits alimentaires,Sunny Tribe,NA,0,0,0,0,0,0
1213,Magasin de cannabis,L'Art du Chanvre,NA,0,0,0,0,0,0
1214,"Aliments, boissons & tabac",StationW,NA,0,0,0,0,0,0
1215,Marché alimentaire,Pink Noisette,NA,0,0,0,0,0,0
1216,Magasin de donuts,Don Pablo,NA,0,0,0,0,0,0
1217,Grossiste en boissons alcoolisées,ALLOW Le Hard Seltzer,NA,0,0,0,0,0,0
1218,Caviste,Bacchusmoncaviste,NA,0,0,0,0,0,0
1219,Magasin d'épices,Epices,NA,0,0,0,0,0,0
1220,Magasin de vins et spiritueux,V2vin,NA,0,0,0,0,0,0
1221,Consultant en aliments et boissons,Batchcooking,NA,0,0,0,0,0,0
1222,Magasin d'épices,Legrenieraepices,NA,0,0,0,0,0,0
1223,Magasin de cannabis,Budzar,NA,0,0,0,0,0,0
1224,Service de traiteur,Les Tabliers Rouges,NA,0,0,0,0,0,0
1225,Boutique de boissons non alcoolisées,16h24,NA,0,0,0,0,0,0
1226,Magasin de bonbons,BONBEC SHOW,NA,0,0,0,0,0,0
1227,Artisanat,lesgourmandsdouest.fr,NA,0,0,0,0,0,0
1228,Fournisseur de produits alimentaires,Sisterre,NA,0,0,0,0,0,0
1229,Poissonnerie,Daguerre Marée,NA,0,0,0,0,0,0
1230,"Aliments, boissons & tabac",Cafemoulu.fr,NA,0,0,0,0,0,0
1231,Caviste,Vinocratie,NA,0,0,0,0,0,0
1232,Restaurant,Mana - Aix,NA,0,0,0,0,0,0
1233,Service de traiteur,Allotantie,NA,0,0,0,0,0,0
1234,"Aliments, boissons & tabac",Volailles Du-grand-chemin,NA,0,0,0,0,0,0
1235,Magasin bio,HOPSTORE - La boutique du houblon BIO,NA,0,0,0,0,0,0
1236,"Aliments, boissons & tabac",Bonjour Barcelone,NA,0,0,0,0,0,0
1237,"Aliments, boissons & tabac",Thedifferenttraveler,NA,0,0,0,0,0,0
1238,Magasin de cannabis,Cbdlemaraicher,NA,0,0,0,0,0,0
1239,Magasin de cannabis,Labonnelocale,NA,0,0,0,0,0,0
1240,"Aliments, boissons & tabac",Deliscoffee,NA,0,0,0,0,0,0
1241,"Aliments, boissons & tabac",Negozi Sardi - Il tuo e-commerce 100% Sardo,NA,0,0,0,0,0,0
1242,"Aliments, boissons & tabac",Youlovewords,NA,0,0,0,0,0,0
1243,"Aliments, boissons & tabac",NZ Direct,NA,0,0,0,0,0,0
1244,"Aliments, boissons & tabac",Agence Web Mcube,NA,0,0,0,0,0,0
1245,Bureau de tabac,LE Grand-gallo,NA,0,0,0,0,0,0
1246,"Aliments, boissons & tabac",Chocolat Castelain,NA,0,0,0,0,0,0
1247,Magasin de vins et spiritueux,Jewelrydrinks,NA,0,0,0,0,0,0
1248,"Aliments, boissons & tabac",My Bonne Affaire,NA,0,0,0,0,0,0
1249,"Aliments, boissons & tabac",H2hope,NA,0,0,0,0,0,0
1250,"Aliments, boissons & tabac",Pop Arcade,NA,0,0,0,0,0,0
1251,Épicerie fine,Cibdiz,NA,0,0,0,0,0,0
1252,Magasin de vins et spiritueux,Aperitissimo,NA,0,0,0,0,0,0
1253,"Aliments, boissons & tabac",Hop Cafe,NA,0,0,0,0,0,0
1254,"Aliments, boissons & tabac",SQUIZ,NA,0,0,0,0,0,0
1255,Magasin de cookies,biscuitsclaireetjulie.com,NA,0,0,0,0,0,0
1256,Service de traiteur,Traiteur Le Mediterranée,NA,0,0,0,0,0,0
1257,"Aliments, boissons & tabac",Epices & Co,NA,0,0,0,0,0,0
1258,Fournisseur de services agricoles,Valbenne,NA,0,0,0,0,0,0
1259,"Aliments, boissons & tabac",Alanquevin,NA,0,0,0,0,0,0
1260,Exploitation viticole,Domaine de Chantegut,NA,0,0,0,0,0,0
1261,Programme de bien-être,pascalyogayur.fr,NA,0,0,0,0,0,0
1262,Épicerie,Magasinrochefort,NA,0,0,0,0,0,0
1263,Exploitation viticole,Masdunovi,NA,0,0,0,0,0,0
1264,Boulangerie,Lgbp,NA,0,0,0,0,0,0
1265,Magasin d'alimentation bio,hempbud.fr,NA,0,0,0,0,0,0
1266,Boucherie,Thesteakstore,NA,0,0,0,0,0,0
1267,Magasin de cannabis,My Smoky Box,NA,0,0,0,0,0,0
1268,Magasin de cigarettes électroniques,Wpuff,NA,0,0,0,0,0,0
1269,"Aliments, boissons & tabac",SoDivin,NA,0,0,0,0,0,0
1270,Supermarché,Sable Blanc,NA,0,0,0,0,0,0
1271,Fabricant d'assaisonnements alimentaires,Carresfutes,NA,0,0,0,0,0,0
1272,Centre de formation à distance,eFormationHSAQuality,NA,0,0,0,0,0,0
1273,Distributeur de boissons,Pepemate,NA,0,0,0,0,0,0
1274,Service e-commerce,Bontaga,NA,0,0,0,0,0,0
1275,Abattoir,Indozoom,NA,0,0,0,0,0,0
1276,"Aliments, boissons & tabac",Coffretdelices,NA,0,0,0,0,0,0
1277,"Aliments, boissons & tabac",Vindebacchus,NA,0,0,0,0,0,0
1278,Distillerie,Repulsafe,NA,0,0,0,0,0,0
1279,Brasserie,Brasserieoppidum,NA,0,0,0,0,0,0
1280,Torréfacteurs,Limitd,NA,0,0,0,0,0,0
1281,Grossiste en vins et spiritueux,Pépites de vin,NA,0,0,0,0,0,0
1282,Magasin d'alimentation bio,Monpanierantigaspi,NA,0,0,0,0,0,0
1283,Magasin de produits gourmets,Truffes VIP,NA,0,0,0,0,0,0
1284,Magasin de cannabis,Divine,NA,0,0,0,0,0,0
1285,Fromagerie,Les Frères Marchand,NA,0,0,0,0,0,0
1286,Magasin d'alimentation naturelle,Ventes Privées CBD,NA,0,0,0,0,0,0
1287,"Aliments, boissons & tabac",Francebebe,NA,0,0,0,0,0,0
1288,"Aliments, boissons & tabac",Mokapremium,NA,0,0,0,0,0,0
1289,Magasin bio,Ekilab,NA,0,0,0,0,0,0
1290,Magasin de cigarettes électroniques,Vaped,NA,0,0,0,0,0,0
1291,Confiserie,Nathboutique,NA,0,0,0,0,0,0
1292,Magasin d'alimentation naturelle,Veggin,NA,0,0,0,0,0,0
1293,"Aliments, boissons & tabac",Pop Arcade,NA,0,0,0,0,0,0
1294,"Aliments, boissons & tabac",Boutiqueproduitsnaturels,NA,0,0,0,0,0,0
1295,Boucherie,Boucherie Eperlecques,NA,0,0,0,0,0,0
1296,"Aliments, boissons & tabac",Gustoneo,NA,0,0,0,0,0,0
1297,Livraison de repas à domicile,CelyDelices,NA,0,0,0,0,0,0
1298,Fournisseur de services agricoles,Valbenne,NA,0,0,0,0,0,0
1299,Magasin de cookies,biscuitsclaireetjulie.com,NA,0,0,0,0,0,0
1300,Magasin de cannabis,Labonnelocale,NA,0,0,0,0,0,0
1301,"Aliments, boissons & tabac",2X AVENTURES,NA,0,0,0,0,0,0
1302,Magasin de vins et spiritueux,V2vin,NA,0,0,0,0,0,0
1303,Brasserie,MisterGoodBeer,NA,0,0,0,0,0,0
1304,Pâtissier spécialisé dans les gâteaux de mariage,Jessie s,NA,0,0,0,0,0,0
1305,Boucherie,Thesteakstore,NA,0,0,0,0,0,0
1306,Magasin de vins et spiritueux,Pépites en Champagne,NA,0,0,0,0,0,0
1307,Boutique de boissons non alcoolisées,YVY Maté,NA,0,0,0,0,0,0
1308,Bar à cocktails,Le Tant Attendu - Kits cocktails,NA,0,0,0,0,0,0
1309,"Aliments, boissons & tabac",StationW,NA,0,0,0,0,0,0
1310,Marché alimentaire,Le Court Circuit,NA,0,0,0,0,0,0
1311,Fabricant de thé,Chazette,NA,0,0,0,0,0,0
1312,Fournisseur de boissons gazeuses,drinksev.fr,NA,0,0,0,0,0,0
1313,Marchand de thé,Thé Paon,NA,0,0,0,0,0,0
1314,"Aliments, boissons & tabac",Delictus,NA,0,0,0,0,0,0
1315,Restaurant,Bugizz,NA,0,0,0,0,0,0
1316,Magasin de bonbons,Michel Cluizel FR,NA,0,0,0,0,0,0
1317,Fabricant d'assaisonnements alimentaires,Carresfutes,NA,0,0,0,0,0,0
1318,Brasserie,Brasserieoppidum,NA,0,0,0,0,0,0
1319,Abattoir,Indozoom,NA,0,0,0,0,0,0
1320,Magasin de produits gourmets,L'Epicerie Fine Picarde.fr,NA,0,0,0,0,0,0
1321,Fabricant d'huile d'olive,Vale Douro,NA,0,0,0,0,0,0
1322,Magasin de cigarettes électroniques,Secret Smoke,NA,0,0,0,0,0,0
1323,"Aliments, boissons & tabac",Noir - Barista's Coffee,NA,0,0,0,0,0,0
1324,"Aliments, boissons & tabac",Cashewell,NA,0,0,0,0,0,0
1325,Marchand de thé,Originalthe,NA,0,0,0,0,0,0
1326,"Aliments, boissons & tabac",Wellsante,NA,0,0,0,0,0,0
1327,Magasin de vins et spiritueux,Aperitissimo,NA,0,0,0,0,0,0
1328,"Aliments, boissons & tabac",Au Fil Des Vins,NA,0,0,0,0,0,0
1329,Magasin de cookies,biscuitsclaireetjulie.com,NA,0,0,0,0,0,0
1330,"Aliments, boissons & tabac",Alanquevin,NA,0,0,0,0,0,0
1331,"Aliments, boissons & tabac",Cafemoulu.fr,NA,0,0,0,0,0,0
1332,Boulangerie,Lejourseleve Pessac,NA,0,0,0,0,0,0
1333,"Aliments, boissons & tabac",Center Securite-privee,NA,0,0,0,0,0,0
1334,Caviste,Vinocratie,NA,0,0,0,0,0,0
1335,Prestataire spécialisé en études de marché,THE GLAM PRESTIGE GROUP,NA,0,0,0,0,0,0
1336,"Aliments, boissons & tabac",GO Vapo,NA,0,0,0,0,0,0
1337,"Aliments, boissons & tabac",Volailles Du-grand-chemin,NA,0,0,0,0,0,0
1338,Magasin d'alimentation naturelle,Aupaysducbd,NA,0,0,0,0,0,0
1339,Artisan chocolatier,Choc ô delices,NA,0,0,0,0,0,0
1340,Boutique de pop-corn,La fabrique à pop-corn,NA,0,0,0,0,0,0
1341,Magasin de vins et spiritueux,MA CAVE A TOI,NA,0,0,0,0,0,0
1342,Épicerie fine,Lalic,NA,0,0,0,0,0,0
1343,"Aliments, boissons & tabac",Sommelix,NA,0,0,0,0,0,0
1344,Magasin de thé,Infuzea,NA,0,0,0,0,0,0
1345,Épicerie fine,Miel du Géant,NA,0,0,0,0,0,0
1346,Magasin de vins et spiritueux,Calvados Drouin Boutique,NA,0,0,0,0,0,0
1347,Boutique de produits diététiques,SNC KRISS-LAURE,NA,0,0,0,0,0,0
1348,Magasin de cannabis,Cbdvip,NA,0,0,0,0,0,0
1349,Magasin de cannabis,Le Comptoir du CBD Bio,NA,0,0,0,0,0,0
1350,Service e-commerce,Le Marché du CBD,NA,0,0,0,0,0,0
1351,Consultant en aliments et boissons,Bms Store-complements,NA,0,0,0,0,0,0
1352,Fournisseur de produits alimentaires,Lard De Vivre,NA,0,0,0,0,0,0
1353,Centre de formation à distance,Cultiver Les Champignons,NA,0,0,0,0,0,0
1354,Restaurant de grillades à la française,TONTON GRILL RESTAURANT § BAR,NA,0,0,0,0,0,0
1355,Magasin de cannabis,Kalmosphere,NA,0,0,0,0,0,0
1356,Épicerie fine,Epiceashop,NA,0,0,0,0,0,0
1357,Magasin de cannabis,CBDenlignepascher,NA,0,0,0,0,0,0
1358,Magasin de vins et spiritueux,Maison Moillard,NA,0,0,0,0,0,0
1359,Conserverie,Rue Traversette,NA,0,0,0,0,0,0
